freelancer_ID,name,gender,age,country,language,primary_skill,years_of_experience,hourly_rate (USD),rating,is_active,client_satisfaction
FL250001,Ms. Nicole Kidd,FEMALE,52.0,Italy,Italian,Blockchain Development,11.0,100.0,2.6,False,0.79
FL250002,Vanessa Garcia,FEMALE,52.0,Australia,English,Mobile Apps,34.0,100.0,3.3,True,0.84
FL250003,Juan Nelson,MALE,53.0,Germany,German,Graphic Design,31.0,50.0,0.0,False,0.71
FL250004,Amanda Spencer,FEMALE,38.0,Australia,English,Web Development,4.0,40.0,1.5,False,0.9
FL250005,Lynn Curtis DDS,FEMALE,53.0,Germany,German,Web Development,27.0,30.0,4.8,False,0.83
FL250006,Lisa Johnson,FEMALE,59.0,Netherlands,Dutch,AI,14.0,30.0,2.4,False,0.79
FL250007,Eric Myers,MALE,52.0,Indonesia,Indonesian,Data Analysis,10.0,75.0,3.1,False,0.94
FL250008,Ricky Graham,MALE,43.0,Italy,Italian,Blockchain Development,14.0,40.0,4.6,False,0.94
FL250009,Sean Martin,MALE,26.0,United States,English,Blockchain Development,4.0,40.0,4.0,True,0.76
FL250010,Matthew Lloyd,MALE,52.0,Turkey,Turkish,AI,22.0,50.0,2.6,True,0.79
FL250011,Gavin Randall,MALE,40.0,United Kingdom,English,Data Analysis,17.0,40.0,3.6,True,0.77
FL250012,Michelle Curtis,FEMALE,55.0,Argentina,Spanish,UI/UX Design,15.0,40.0,2.6,True,0.86
FL250013,Alice Schneider,FEMALE,57.0,United Kingdom,English,Cybersecurity,18.0,40.0,2.0,False,0.86
FL250014,Phillip Shelton,MALE,38.0,Argentina,Spanish,Graphic Design,20.0,75.0,2.9,True,0.93
FL250015,Edward Ferguson,MALE,50.0,Germany,German,Data Analysis,22.0,75.0,3.7,True,0.7
FL250016,Wyatt Stout,MALE,42.0,Japan,Japanese,Data Analysis,0.0,30.0,1.2,False,0.69
FL250017,Laura Johnson,FEMALE,39.0,Australia,English,DevOps,13.0,30.0,2.5,False,0.6
FL250018,Scott Burns,MALE,56.0,India,Hindi,Blockchain Development,9.0,40.0,2.6,False,0.87
FL250019,Tyler Aguirre,MALE,56.0,United States,English,UI/UX Design,31.0,50.0,1.1,False,0.75
FL250020,Matthew Lawson,MALE,57.0,Italy,Italian,Web Development,3.0,100.0,1.8,True,0.68
FL250021,James Cherry,MALE,41.0,Indonesia,Indonesian,AI,9.0,50.0,1.8,False,0.65
FL250022,Samuel Sanford,MALE,51.0,Japan,Japanese,DevOps,9.0,40.0,2.4,False,0.69
FL250023,Cesar Greene,MALE,51.0,Brazil,Portuguese,Cybersecurity,21.0,30.0,4.7,False,0.79
FL250024,Melanie Carter,FEMALE,51.0,South Korea,Korean,Machine Learning,15.0,50.0,1.3,True,1.0
FL250025,Jennifer Martin,FEMALE,54.0,Indonesia,Indonesian,Machine Learning,13.0,75.0,2.9,False,0.92
FL250026,Anna Mccann,FEMALE,22.0,South Korea,Korean,DevOps,0.0,30.0,1.2,True,0.7
FL250027,Marissa Bass,FEMALE,34.0,Japan,Japanese,Blockchain Development,8.0,20.0,0.0,True,0.89
FL250028,Alexis Day,FEMALE,36.0,Russia,Russian,Graphic Design,11.0,40.0,1.8,True,0.86
FL250029,Megan Jones,FEMALE,47.0,Canada,English,AI,22.0,30.0,1.3,False,0.62
FL250030,Lori Smith,FEMALE,41.0,Netherlands,Dutch,Data Analysis,14.0,75.0,1.2,False,0.79
FL250031,Eric Carpenter,MALE,22.0,Netherlands,Dutch,DevOps,4.0,40.0,1.0,True,0.79
FL250032,Timothy Daniels,MALE,38.0,France,French,Machine Learning,19.0,100.0,4.2,False,0.68
FL250033,Robert Nelson,MALE,46.0,Egypt,Arabic,AI,9.0,20.0,1.4,True,0.76
FL250034,Michael Anderson,MALE,41.0,South Korea,Korean,AI,9.0,40.0,2.4,True,0.82
FL250035,Jessica Snyder,FEMALE,54.0,United States,English,Web Development,32.0,75.0,1.0,True,0.81
FL250036,Emily Daniels,FEMALE,52.0,South Korea,Korean,Web Development,28.0,20.0,2.6,False,0.79
FL250037,Jamie Ramirez,FEMALE,42.0,Japan,Japanese,Mobile Apps,6.0,40.0,2.6,False,0.63
FL250038,Amy Harrison,FEMALE,29.0,Netherlands,Dutch,Graphic Design,10.0,40.0,2.2,False,0.67
FL250039,Melinda White,FEMALE,42.0,South Africa,Afrikaans,Mobile Apps,23.0,50.0,3.2,True,0.79
FL250040,James Hernandez,MALE,60.0,Japan,Japanese,Web Development,13.0,20.0,3.6,False,0.8
FL250041,Angelica Rogers,FEMALE,59.0,United Kingdom,English,AI,3.0,50.0,0.0,False,0.79
FL250042,Savannah Williams,FEMALE,21.0,Canada,English,Web Development,0.0,30.0,2.7,True,0.84
FL250043,Kaitlyn Schmidt,FEMALE,35.0,Germany,German,DevOps,10.0,50.0,0.0,False,0.79
FL250044,Jason Singh,MALE,41.0,United Kingdom,English,Data Analysis,9.0,20.0,2.8,True,0.63
FL250045,Michelle Ramirez,FEMALE,51.0,Netherlands,Dutch,Machine Learning,23.0,20.0,2.5,False,0.8
FL250046,James Brown,MALE,41.0,South Africa,Afrikaans,Web Development,9.0,75.0,4.9,True,0.74
FL250047,Mrs. Samantha Simmons,FEMALE,47.0,Egypt,Arabic,DevOps,15.0,30.0,4.5,True,0.85
FL250048,Chase Mason,MALE,25.0,China,Mandarin,Graphic Design,4.0,50.0,2.7,False,0.77
FL250049,Dominique Ward,FEMALE,25.0,Mexico,Spanish,Mobile Apps,7.0,20.0,1.9,False,0.79
FL250050,Lance Griffin,MALE,29.0,Netherlands,Dutch,UI/UX Design,1.0,20.0,1.4,True,0.63
FL250051,Julie Burgess,FEMALE,23.0,Argentina,Spanish,Cybersecurity,0.0,75.0,1.9,True,0.79
FL250052,Don Scott,MALE,31.0,France,French,Data Analysis,8.0,50.0,3.4,False,0.79
FL250053,Kyle Atkinson,MALE,51.0,Germany,German,Machine Learning,33.0,75.0,3.3,False,0.68
FL250054,Jimmy Hogan,MALE,41.0,Spain,Spanish,UI/UX Design,1.0,30.0,0.0,False,0.68
FL250055,Jennifer Mcintyre,FEMALE,29.0,Turkey,Turkish,Cybersecurity,11.0,100.0,2.3,True,0.72
FL250056,Larry Simpson,MALE,50.0,United Kingdom,English,AI,15.0,40.0,2.0,True,0.65
FL250057,Laura Price,FEMALE,26.0,United Kingdom,English,DevOps,8.0,50.0,1.3,False,0.76
FL250058,Mark Wright,MALE,38.0,Canada,English,AI,17.0,40.0,4.0,True,0.9
FL250059,Samantha Mcdaniel,FEMALE,23.0,India,Hindi,Mobile Apps,9.0,75.0,3.6,True,0.65
FL250060,Barbara Foster,FEMALE,51.0,South Africa,Afrikaans,DevOps,28.0,40.0,3.9,False,0.63
FL250061,Courtney Tran,FEMALE,51.0,Indonesia,Indonesian,AI,33.0,75.0,0.0,True,0.79
FL250062,Eddie Todd,MALE,47.0,Germany,German,AI,18.0,75.0,0.0,False,0.79
FL250063,Christine Johnson,FEMALE,34.0,Russia,Russian,UI/UX Design,16.0,20.0,2.3,True,0.93
FL250064,Leah Phelps,FEMALE,58.0,Indonesia,Indonesian,Data Analysis,35.0,50.0,4.7,False,0.7
FL250065,Rebekah Williams,FEMALE,50.0,Russia,Russian,AI,14.0,40.0,3.5,True,0.83
FL250066,Crystal Wilson,FEMALE,34.0,Spain,Spanish,Web Development,12.0,40.0,2.4,True,0.64
FL250067,Ashley Cordova,FEMALE,45.0,Brazil,Portuguese,AI,11.0,75.0,4.0,False,1.0
FL250068,Vicki Kelly,FEMALE,55.0,Brazil,Portuguese,Web Development,0.0,40.0,0.0,True,0.79
FL250069,Corey Warren,MALE,41.0,Argentina,Spanish,UI/UX Design,6.0,100.0,1.5,False,0.79
FL250070,Gina Thompson,FEMALE,60.0,China,Mandarin,UI/UX Design,38.0,20.0,2.0,False,0.71
FL250071,Yvonne Berg,FEMALE,33.0,South Africa,Afrikaans,Mobile Apps,11.0,40.0,2.6,True,0.84
FL250072,Thomas Miller,MALE,60.0,Italy,Italian,DevOps,13.0,50.0,1.0,False,0.79
FL250073,Nicholas Burton,MALE,40.0,United States,English,Web Development,9.0,100.0,4.5,True,0.69
FL250074,Jorge Riley,MALE,59.0,Australia,English,Blockchain Development,4.0,40.0,1.9,False,0.88
FL250075,Melvin Harris,MALE,36.0,Italy,Italian,Machine Learning,14.0,100.0,3.7,False,0.79
FL250076,Jeremy Meyer,MALE,32.0,India,Hindi,Data Analysis,9.0,30.0,1.9,True,0.96
FL250077,Timothy Lee,MALE,59.0,Australia,English,AI,9.0,75.0,4.0,True,0.96
FL250078,Diana Bautista,FEMALE,54.0,Spain,Spanish,DevOps,32.0,40.0,1.8,False,0.79
FL250079,Leslie Rodriguez,FEMALE,37.0,Canada,English,Graphic Design,9.0,40.0,0.0,True,0.89
FL250080,Noah Wiggins,MALE,54.0,India,Hindi,Machine Learning,21.0,100.0,4.6,False,0.79
FL250081,Bridget Williams,FEMALE,33.0,Argentina,Spanish,UI/UX Design,12.0,100.0,3.6,False,0.63
FL250082,Veronica Baker,FEMALE,25.0,Egypt,Arabic,Web Development,7.0,40.0,4.4,False,0.81
FL250083,Andrew Avila,MALE,41.0,China,Mandarin,DevOps,3.0,40.0,4.6,False,0.74
FL250084,Michael Roberson,MALE,35.0,South Korea,Korean,Web Development,5.0,75.0,3.2,False,0.72
FL250085,Austin Jenkins,MALE,59.0,South Korea,Korean,AI,30.0,40.0,0.0,True,0.79
FL250086,Brenda Green,FEMALE,21.0,China,Mandarin,DevOps,2.0,100.0,2.6,True,0.85
FL250087,Samuel Pierce,MALE,25.0,United States,English,Mobile Apps,2.0,75.0,3.7,False,0.79
FL250088,Briana Smith,FEMALE,38.0,Mexico,Spanish,Web Development,19.0,75.0,2.3,False,0.61
FL250089,Ronald Barrett,MALE,57.0,Russia,Russian,AI,16.0,100.0,3.1,False,0.79
FL250090,Matthew Smith,MALE,32.0,India,Hindi,Mobile Apps,10.0,20.0,2.4,False,0.86
FL250091,Logan Huang,MALE,21.0,Italy,Italian,DevOps,2.0,100.0,1.6,True,0.97
FL250092,Miranda Hutchinson,FEMALE,57.0,Canada,English,Cybersecurity,18.0,50.0,2.4,True,0.63
FL250093,Paul Richardson,MALE,53.0,China,Mandarin,UI/UX Design,21.0,100.0,2.6,True,0.97
FL250094,Jose Jones,MALE,35.0,Russia,Russian,Blockchain Development,3.0,30.0,3.8,True,0.81
FL250095,Denise Smith,FEMALE,54.0,China,Mandarin,Machine Learning,17.0,20.0,1.7,False,0.69
FL250096,Shelby Mcmahon,FEMALE,36.0,Italy,Italian,UI/UX Design,0.0,20.0,1.3,True,0.64
FL250097,Bethany Wright,FEMALE,49.0,Spain,Spanish,Cybersecurity,25.0,50.0,5.0,False,0.77
FL250098,David Ortiz,MALE,37.0,United States,English,Blockchain Development,17.0,20.0,3.3,False,0.96
FL250099,Andrew Lynch,MALE,41.0,United States,English,UI/UX Design,5.0,20.0,1.1,False,0.74
FL250100,Kristopher Meyers,MALE,32.0,Egypt,Arabic,UI/UX Design,10.0,50.0,1.2,False,0.89
FL250101,Thomas Roth,MALE,35.0,India,Hindi,Mobile Apps,0.0,40.0,2.0,True,0.64
FL250102,Vicki Brown,FEMALE,51.0,Russia,Russian,Graphic Design,2.0,30.0,4.5,False,0.64
FL250103,Stacy Sutton,FEMALE,50.0,Russia,Russian,DevOps,30.0,100.0,3.0,True,0.73
FL250104,Kimberly Holland,FEMALE,21.0,Turkey,Turkish,Blockchain Development,2.0,50.0,4.9,True,0.68
FL250105,Travis Richardson,MALE,25.0,United States,English,Graphic Design,3.0,30.0,2.6,False,0.88
FL250106,Jasmin Ho,FEMALE,57.0,France,French,DevOps,21.0,40.0,2.5,False,0.77
FL250107,Mark Paul,MALE,58.0,Russia,Russian,Blockchain Development,3.0,40.0,0.0,True,0.79
FL250108,Jennifer Lewis,FEMALE,45.0,Indonesia,Indonesian,Mobile Apps,19.0,40.0,2.6,True,0.72
FL250109,Elizabeth Lester,FEMALE,23.0,United States,English,Web Development,0.0,20.0,4.7,True,0.6
FL250110,Kimberly Griffin,FEMALE,46.0,United States,English,AI,9.0,30.0,3.5,False,0.72
FL250111,Tyler Warner,MALE,27.0,Argentina,Spanish,UI/UX Design,5.0,30.0,2.6,False,0.92
FL250112,Jane Cox,FEMALE,32.0,United States,English,Machine Learning,6.0,50.0,3.4,True,0.79
FL250113,Leah Williams,FEMALE,48.0,Argentina,Spanish,Machine Learning,6.0,75.0,2.5,False,0.92
FL250114,Kevin Wong,MALE,30.0,Turkey,Turkish,Mobile Apps,3.0,30.0,1.1,True,0.79
FL250115,Robert Andrews,MALE,59.0,Turkey,Turkish,AI,13.0,20.0,4.8,False,0.79
FL250116,Jessica Torres,FEMALE,32.0,Mexico,Spanish,AI,5.0,30.0,2.6,False,0.86
FL250117,Teresa Kim,FEMALE,57.0,Egypt,Arabic,UI/UX Design,4.0,40.0,3.4,True,0.68
FL250118,Jon Morgan,MALE,27.0,Australia,English,Machine Learning,7.0,20.0,3.2,True,0.62
FL250119,Gloria Chaney,FEMALE,33.0,Indonesia,Indonesian,Machine Learning,13.0,20.0,3.2,False,0.79
FL250120,Jesse Campbell,MALE,29.0,South Korea,Korean,Data Analysis,4.0,30.0,0.0,True,0.82
FL250121,Allison Tucker MD,FEMALE,36.0,Indonesia,Indonesian,UI/UX Design,13.0,75.0,2.6,True,0.79
FL250122,Candice Petersen,FEMALE,47.0,Italy,Italian,DevOps,5.0,40.0,3.7,False,0.93
FL250123,Christopher Nichols,MALE,48.0,Canada,English,Machine Learning,15.0,50.0,1.0,True,0.64
FL250124,Debra Garcia,FEMALE,27.0,China,Mandarin,UI/UX Design,8.0,50.0,0.0,False,0.79
FL250125,Andrew Fuentes,MALE,34.0,Australia,English,Web Development,10.0,40.0,1.7,False,0.96
FL250126,Jason Carter,MALE,49.0,South Korea,Korean,Data Analysis,19.0,40.0,5.0,True,0.83
FL250127,Austin Romero,MALE,30.0,Brazil,Portuguese,Mobile Apps,10.0,100.0,1.7,True,0.64
FL250128,Clayton Burns,MALE,31.0,Egypt,Arabic,Graphic Design,8.0,40.0,4.4,False,0.7
FL250129,Jonathan Clark,MALE,58.0,China,Mandarin,Machine Learning,9.0,20.0,0.0,False,0.65
FL250130,Alexander Griffin,MALE,47.0,France,French,Machine Learning,13.0,40.0,3.4,False,0.67
FL250131,Shelly Whitehead,FEMALE,45.0,United Kingdom,English,Cybersecurity,14.0,100.0,1.1,False,0.93
FL250132,Kaitlyn Davis,FEMALE,57.0,France,French,Machine Learning,0.0,50.0,1.6,False,0.6
FL250133,Christopher Jones,MALE,50.0,India,Hindi,Web Development,22.0,100.0,4.1,False,0.62
FL250134,Cindy Jacobs,FEMALE,41.0,Brazil,Portuguese,Machine Learning,4.0,40.0,2.5,False,0.7
FL250135,Penny Day,FEMALE,45.0,Indonesia,Indonesian,Blockchain Development,22.0,100.0,4.0,True,0.75
FL250136,Thomas Ingram,MALE,60.0,South Africa,Afrikaans,Cybersecurity,39.0,75.0,1.4,False,0.7
FL250137,Donna Hansen,FEMALE,43.0,United Kingdom,English,Cybersecurity,5.0,50.0,2.6,True,0.84
FL250138,Donna Bailey,FEMALE,39.0,France,French,Cybersecurity,5.0,40.0,1.2,False,0.83
FL250139,Joshua Armstrong,MALE,26.0,Mexico,Spanish,UI/UX Design,5.0,50.0,0.0,False,0.79
FL250140,Jonathan Garza,MALE,31.0,Germany,German,Cybersecurity,11.0,50.0,3.1,False,0.88
FL250141,Charles Jones,MALE,52.0,France,French,UI/UX Design,15.0,50.0,0.0,True,0.81
FL250142,Lindsey Miles,FEMALE,34.0,India,Hindi,Data Analysis,5.0,20.0,2.2,True,0.8
FL250143,Eduardo Reed,MALE,45.0,United Kingdom,English,Web Development,7.0,75.0,3.0,True,0.67
FL250144,Lee Fowler,MALE,46.0,United Kingdom,English,Cybersecurity,9.0,20.0,0.0,False,0.82
FL250145,Steven Jones Jr.,MALE,56.0,France,French,UI/UX Design,21.0,100.0,0.0,True,0.78
FL250146,Ashley Chen,FEMALE,59.0,Germany,German,AI,7.0,40.0,1.4,False,0.81
FL250147,Erica Davis,FEMALE,54.0,Egypt,Arabic,Blockchain Development,4.0,40.0,1.4,True,0.74
FL250148,Wayne Gonzales,MALE,36.0,Germany,German,UI/UX Design,7.0,30.0,0.0,False,0.88
FL250149,Gary Ballard,MALE,25.0,Mexico,Spanish,Data Analysis,0.0,40.0,0.0,False,0.9
FL250150,Maria Mcguire,FEMALE,37.0,Russia,Russian,Data Analysis,15.0,40.0,2.9,False,0.79
FL250151,Matthew Richards,MALE,41.0,Turkey,Turkish,Data Analysis,10.0,40.0,0.0,False,0.79
FL250152,Patrick Malone,MALE,29.0,Spain,Spanish,Data Analysis,11.0,20.0,2.7,False,0.93
FL250153,Cindy Martin,FEMALE,55.0,Argentina,Spanish,Mobile Apps,12.0,100.0,1.8,True,0.79
FL250154,Anne Edwards,FEMALE,38.0,Japan,Japanese,DevOps,20.0,75.0,1.1,False,0.71
FL250155,Mitchell Martin,MALE,47.0,South Korea,Korean,DevOps,29.0,40.0,4.3,True,0.95
FL250156,Mitchell Patrick,MALE,60.0,Brazil,Portuguese,Web Development,15.0,100.0,1.5,False,0.8
FL250157,Rebecca Lyons,FEMALE,43.0,Italy,Italian,Data Analysis,9.0,20.0,2.2,False,0.79
FL250158,Christian Lopez,MALE,56.0,South Africa,Afrikaans,Data Analysis,9.0,100.0,3.2,False,0.62
FL250159,Nathan Blair,MALE,42.0,Russia,Russian,DevOps,2.0,50.0,1.9,False,0.95
FL250160,Patricia Lopez,FEMALE,20.0,Spain,Spanish,Graphic Design,0.0,40.0,2.5,False,0.79
FL250161,Michelle Wu,FEMALE,47.0,Indonesia,Indonesian,UI/UX Design,12.0,40.0,4.5,False,0.62
FL250162,Donald Mitchell,MALE,41.0,Argentina,Spanish,Data Analysis,12.0,30.0,4.1,False,0.68
FL250163,Sean Gordon,MALE,56.0,Indonesia,Indonesian,DevOps,15.0,75.0,0.0,False,0.79
FL250164,Gregory Clarke,MALE,59.0,United Kingdom,English,DevOps,29.0,75.0,2.6,False,0.8
FL250165,Steven Whitney,MALE,56.0,Japan,Japanese,Cybersecurity,15.0,40.0,3.7,False,0.92
FL250166,Robin Acosta,FEMALE,31.0,South Africa,Afrikaans,Web Development,9.0,75.0,1.3,True,0.65
FL250167,John Smith,MALE,60.0,South Korea,Korean,Mobile Apps,33.0,40.0,3.6,True,0.87
FL250168,Susan Baker,FEMALE,31.0,Canada,English,Web Development,10.0,75.0,0.0,False,0.7
FL250169,Anthony Larsen,MALE,60.0,Argentina,Spanish,Cybersecurity,20.0,40.0,1.4,False,0.87
FL250170,Nicholas Carpenter,MALE,46.0,France,French,DevOps,23.0,20.0,2.9,False,0.72
FL250171,Debra Salazar,FEMALE,41.0,Netherlands,Dutch,Blockchain Development,9.0,40.0,2.8,False,0.8
FL250172,William Smith,MALE,34.0,Japan,Japanese,UI/UX Design,0.0,20.0,1.7,False,0.66
FL250173,Caroline Gross,FEMALE,42.0,Netherlands,Dutch,Graphic Design,7.0,40.0,0.0,True,0.79
FL250174,Jeremy Sawyer,MALE,31.0,United Kingdom,English,Data Analysis,4.0,75.0,1.1,True,0.64
FL250175,Eduardo Burns,MALE,29.0,Brazil,Portuguese,UI/UX Design,9.0,20.0,2.6,False,0.68
FL250176,Amanda Jones,FEMALE,57.0,Australia,English,Graphic Design,17.0,20.0,3.6,False,0.63
FL250177,Frederick Ware,MALE,47.0,India,Hindi,DevOps,8.0,20.0,4.5,True,0.72
FL250178,Michael Black,MALE,47.0,South Africa,Afrikaans,AI,14.0,30.0,0.0,True,0.86
FL250179,Patricia Sanders,FEMALE,45.0,France,French,Graphic Design,21.0,30.0,1.5,True,0.73
FL250180,Marc Joseph,MALE,24.0,Turkey,Turkish,Machine Learning,1.0,30.0,3.7,False,0.95
FL250181,Vanessa White,FEMALE,31.0,Argentina,Spanish,Mobile Apps,12.0,20.0,2.3,False,0.9
FL250182,Jennifer Garcia,FEMALE,20.0,Mexico,Spanish,Graphic Design,2.0,20.0,2.8,False,0.78
FL250183,Michael Zavala,MALE,38.0,Japan,Japanese,Web Development,3.0,30.0,3.5,False,0.97
FL250184,Kimberly Williams,FEMALE,33.0,Germany,German,UI/UX Design,11.0,40.0,0.0,True,0.65
FL250185,Elizabeth Jenkins,FEMALE,31.0,Australia,English,Web Development,4.0,40.0,3.2,True,0.78
FL250186,Brandon Ford,MALE,41.0,Spain,Spanish,Machine Learning,21.0,50.0,3.3,True,0.65
FL250187,Justin House,MALE,54.0,Turkey,Turkish,Web Development,0.0,20.0,4.9,False,0.79
FL250188,Henry Mullen,MALE,50.0,Mexico,Spanish,Data Analysis,6.0,30.0,2.2,True,0.95
FL250189,Jesse Cochran,MALE,48.0,Brazil,Portuguese,Machine Learning,18.0,40.0,2.6,True,0.88
FL250190,Melissa Rich,FEMALE,49.0,Mexico,Spanish,Graphic Design,9.0,40.0,1.8,False,0.79
FL250191,Patrick Dunlap,MALE,21.0,South Korea,Korean,Graphic Design,1.0,75.0,4.6,False,0.92
FL250192,Troy Carson,MALE,58.0,Australia,English,Graphic Design,20.0,75.0,2.8,False,0.75
FL250193,Matthew Smith,MALE,41.0,Italy,Italian,DevOps,9.0,30.0,1.4,False,0.74
FL250194,Jennifer Cherry,FEMALE,58.0,Russia,Russian,Blockchain Development,25.0,30.0,4.2,True,0.71
FL250195,Brandi Tucker,FEMALE,50.0,South Africa,Afrikaans,Graphic Design,20.0,40.0,3.6,True,0.89
FL250196,Zachary Burke,MALE,52.0,Indonesia,Indonesian,Web Development,33.0,100.0,1.6,False,0.66
FL250197,Thomas Jones,MALE,34.0,Netherlands,Dutch,Data Analysis,6.0,100.0,2.0,False,0.79
FL250198,Brian Dunn,MALE,32.0,France,French,Machine Learning,11.0,40.0,4.3,True,0.86
FL250199,Shirley Strickland,FEMALE,50.0,India,Hindi,Graphic Design,28.0,100.0,4.9,True,0.86
FL250200,Nicole Meyers,FEMALE,39.0,Argentina,Spanish,Data Analysis,11.0,100.0,3.5,True,0.82
FL250201,Jill Stephens,FEMALE,25.0,Spain,Spanish,AI,2.0,100.0,2.5,False,0.87
FL250202,Heidi Miranda,FEMALE,55.0,China,Mandarin,Machine Learning,7.0,100.0,1.7,True,0.8
FL250203,Jesus Martinez,MALE,42.0,Italy,Italian,DevOps,10.0,100.0,4.6,True,0.71
FL250204,Adam Payne,MALE,43.0,Russia,Russian,Mobile Apps,6.0,50.0,2.6,False,0.77
FL250205,Walter Williams,MALE,54.0,Italy,Italian,DevOps,29.0,30.0,1.7,False,0.68
FL250206,Shannon Farmer,FEMALE,21.0,Egypt,Arabic,Graphic Design,0.0,20.0,1.8,False,0.91
FL250207,Peter Reyes,MALE,46.0,Canada,English,UI/UX Design,5.0,20.0,2.2,False,0.75
FL250208,Kristen Knight,FEMALE,30.0,Spain,Spanish,Blockchain Development,11.0,40.0,1.0,False,0.9
FL250209,William Moore Jr.,MALE,36.0,China,Mandarin,Machine Learning,11.0,75.0,3.2,False,0.93
FL250210,Jennifer Rowe,FEMALE,47.0,Germany,German,Data Analysis,15.0,40.0,2.1,True,0.94
FL250211,Mikayla Henry,FEMALE,43.0,Canada,English,Mobile Apps,1.0,50.0,4.6,True,0.64
FL250212,Jacob Kerr,MALE,57.0,South Korea,Korean,Cybersecurity,8.0,20.0,0.0,True,0.84
FL250213,Ryan Johnson,MALE,52.0,Italy,Italian,Machine Learning,30.0,20.0,2.8,False,0.87
FL250214,Michael Ruiz,MALE,41.0,Germany,German,Blockchain Development,8.0,40.0,0.0,False,0.64
FL250215,Monica Roberts,FEMALE,22.0,Indonesia,Indonesian,Machine Learning,0.0,100.0,2.7,True,0.64
FL250216,Danny Brown,MALE,41.0,India,Hindi,Machine Learning,12.0,20.0,0.0,True,0.8
FL250217,Karen Larsen,FEMALE,58.0,Spain,Spanish,Mobile Apps,4.0,50.0,3.1,False,0.9
FL250218,Robert Evans,MALE,39.0,South Korea,Korean,Web Development,14.0,100.0,0.0,True,0.92
FL250219,Sean Poole,MALE,32.0,Indonesia,Indonesian,Graphic Design,14.0,40.0,2.6,False,0.96
FL250220,Richard Quinn,MALE,37.0,Canada,English,UI/UX Design,2.0,30.0,2.3,True,0.79
FL250221,Jennifer Gonzalez,FEMALE,21.0,China,Mandarin,Cybersecurity,2.0,100.0,2.4,True,0.79
FL250222,James Skinner,MALE,41.0,South Korea,Korean,Machine Learning,4.0,75.0,2.6,False,0.85
FL250223,Michelle Hill,FEMALE,21.0,Canada,English,AI,0.0,40.0,1.1,False,0.79
FL250224,Jacqueline Williams,FEMALE,58.0,China,Mandarin,Machine Learning,9.0,30.0,0.0,True,0.65
FL250225,Darrell Johnson,MALE,60.0,Canada,English,Machine Learning,3.0,40.0,4.7,False,0.63
FL250226,Ryan Crawford,MALE,27.0,South Africa,Afrikaans,Web Development,2.0,40.0,1.2,False,0.79
FL250227,Chelsea Barber,FEMALE,29.0,Germany,German,Machine Learning,10.0,40.0,1.2,False,0.78
FL250228,Elaine Martinez,FEMALE,54.0,Canada,English,Graphic Design,33.0,75.0,0.0,True,0.62
FL250229,Joseph Kent,MALE,52.0,Mexico,Spanish,Machine Learning,12.0,40.0,1.2,False,0.76
FL250230,Megan Welch,FEMALE,55.0,Indonesia,Indonesian,Blockchain Development,18.0,100.0,2.9,False,0.97
FL250231,Stephen Ramirez,MALE,37.0,Brazil,Portuguese,Blockchain Development,4.0,40.0,2.6,False,0.79
FL250232,Chloe Gray,FEMALE,34.0,Egypt,Arabic,Data Analysis,11.0,50.0,3.9,True,0.82
FL250233,Michael Williams Jr.,MALE,20.0,France,French,Data Analysis,1.0,50.0,3.1,False,0.71
FL250234,Matthew Martin,MALE,22.0,Mexico,Spanish,UI/UX Design,2.0,40.0,0.0,True,0.79
FL250235,Julia Murphy,FEMALE,23.0,South Korea,Korean,Graphic Design,2.0,50.0,3.2,True,0.79
FL250236,Anna Evans,FEMALE,53.0,South Korea,Korean,Blockchain Development,34.0,30.0,2.6,True,0.79
FL250237,Brenda Fleming,FEMALE,56.0,South Korea,Korean,Graphic Design,27.0,100.0,4.7,True,0.69
FL250238,Daniel Harrington,MALE,27.0,Canada,English,AI,4.0,75.0,5.0,False,0.88
FL250239,Daniel Barnett,MALE,34.0,Italy,Italian,Mobile Apps,11.0,40.0,2.6,False,0.67
FL250240,Mark Cummings,MALE,29.0,United States,English,Web Development,4.0,50.0,4.0,False,0.79
FL250241,Christopher Guerra,MALE,34.0,India,Hindi,AI,11.0,40.0,1.2,True,0.79
FL250242,Sarah Ho,FEMALE,32.0,Mexico,Spanish,AI,1.0,100.0,4.7,False,0.67
FL250243,Veronica Thomas,FEMALE,21.0,South Africa,Afrikaans,Machine Learning,2.0,20.0,2.4,False,0.86
FL250244,Mitchell Watson,MALE,20.0,Mexico,Spanish,Graphic Design,2.0,40.0,1.1,False,0.69
FL250245,Monica Murphy,FEMALE,35.0,United States,English,Mobile Apps,10.0,50.0,1.4,True,0.85
FL250246,Kristen Williams,FEMALE,47.0,United States,English,UI/UX Design,18.0,40.0,3.4,False,0.6
FL250247,Nicole Wright,FEMALE,41.0,Turkey,Turkish,Blockchain Development,4.0,40.0,2.7,True,0.7
FL250248,Andrew Ruiz,MALE,58.0,Argentina,Spanish,Web Development,23.0,40.0,4.9,False,0.79
FL250249,Zachary Jackson,MALE,34.0,China,Mandarin,Data Analysis,6.0,75.0,1.9,True,0.81
FL250250,Stephanie Carter,FEMALE,50.0,India,Hindi,Mobile Apps,5.0,100.0,2.6,True,0.79
FL250251,Amy Olson,FEMALE,42.0,Mexico,Spanish,DevOps,19.0,75.0,4.6,False,0.78
FL250252,Fred Stark,MALE,43.0,Germany,German,UI/UX Design,6.0,50.0,0.0,False,0.81
FL250253,Jacob Gill,MALE,34.0,Germany,German,Data Analysis,8.0,75.0,1.8,True,0.71
FL250254,Anthony Nichols,MALE,24.0,Spain,Spanish,Mobile Apps,3.0,75.0,2.0,False,0.79
FL250255,William Knapp,MALE,48.0,South Africa,Afrikaans,UI/UX Design,8.0,30.0,5.0,True,0.99
FL250256,Elizabeth Walker,FEMALE,39.0,South Korea,Korean,Data Analysis,12.0,20.0,3.2,True,0.66
FL250257,Brenda Reeves,FEMALE,57.0,Australia,English,Blockchain Development,30.0,30.0,2.4,False,0.8
FL250258,Carrie Little,FEMALE,44.0,Canada,English,Web Development,21.0,100.0,2.9,False,0.83
FL250259,Steven Jackson,MALE,37.0,Brazil,Portuguese,UI/UX Design,17.0,20.0,0.0,True,0.87
FL250260,Mark Perry,MALE,50.0,Turkey,Turkish,Data Analysis,9.0,30.0,3.0,False,0.76
FL250261,Cameron Spencer,MALE,50.0,Spain,Spanish,UI/UX Design,2.0,50.0,1.6,False,0.89
FL250262,Jennifer Holmes,FEMALE,28.0,France,French,Graphic Design,1.0,20.0,3.6,True,0.94
FL250263,Jacob Joseph,MALE,48.0,Italy,Italian,Web Development,23.0,40.0,2.1,False,0.68
FL250264,Jeffery Tucker,MALE,42.0,Germany,German,DevOps,8.0,30.0,3.6,True,0.96
FL250265,Jacqueline Drake,FEMALE,37.0,Canada,English,Data Analysis,6.0,20.0,2.7,True,0.91
FL250266,Brian Bautista,MALE,21.0,India,Hindi,Blockchain Development,1.0,100.0,2.1,True,0.92
FL250267,Dakota Wells,MALE,50.0,South Korea,Korean,Web Development,19.0,40.0,4.9,False,0.82
FL250268,Julie White,FEMALE,22.0,Argentina,Spanish,AI,2.0,30.0,2.1,False,0.79
FL250269,Barbara Keith,FEMALE,39.0,Japan,Japanese,Web Development,21.0,100.0,0.0,False,0.91
FL250270,Heather Camacho,FEMALE,25.0,Japan,Japanese,Machine Learning,3.0,50.0,2.8,True,0.86
FL250271,Melanie Harris,FEMALE,47.0,South Africa,Afrikaans,Mobile Apps,14.0,40.0,2.6,False,0.69
FL250272,Jacqueline Peterson,FEMALE,35.0,South Africa,Afrikaans,UI/UX Design,10.0,100.0,4.7,True,0.84
FL250273,Nancy Long,FEMALE,41.0,United Kingdom,English,Cybersecurity,5.0,100.0,1.3,False,0.6
FL250274,Mr. Juan Mitchell,MALE,35.0,Netherlands,Dutch,Blockchain Development,6.0,75.0,1.6,True,0.97
FL250275,William Gaines,MALE,59.0,France,French,Web Development,21.0,100.0,0.0,False,0.7
FL250276,Haley Yates,FEMALE,26.0,China,Mandarin,UI/UX Design,4.0,100.0,3.6,False,0.81
FL250277,Richard Mcguire,MALE,44.0,Russia,Russian,Machine Learning,18.0,20.0,4.7,True,0.88
FL250278,Stephanie Fisher,FEMALE,31.0,South Africa,Afrikaans,UI/UX Design,12.0,40.0,2.6,True,1.0
FL250279,Anthony Goodwin DDS,MALE,60.0,Turkey,Turkish,Data Analysis,6.0,40.0,3.2,False,0.95
FL250280,Meagan Walters,FEMALE,23.0,United Kingdom,English,Blockchain Development,4.0,20.0,2.6,False,0.71
FL250281,David Powell,MALE,42.0,Indonesia,Indonesian,UI/UX Design,13.0,20.0,4.7,False,0.85
FL250282,Kelly Jones,FEMALE,48.0,India,Hindi,Mobile Apps,6.0,30.0,2.6,False,0.96
FL250283,Dr. Michael Aguilar,MALE,42.0,Netherlands,Dutch,Graphic Design,10.0,20.0,2.4,True,0.92
FL250284,Alex Novak,MALE,52.0,South Korea,Korean,Cybersecurity,20.0,50.0,2.6,False,0.79
FL250285,Ann Contreras,FEMALE,55.0,Japan,Japanese,Web Development,20.0,75.0,2.9,False,0.79
FL250286,Mary Reed,FEMALE,58.0,South Africa,Afrikaans,Cybersecurity,11.0,50.0,0.0,False,0.79
FL250287,Lauren Ross,FEMALE,46.0,South Korea,Korean,Machine Learning,12.0,20.0,0.0,False,0.89
FL250288,Candice Wise,FEMALE,45.0,Spain,Spanish,Machine Learning,1.0,100.0,1.5,True,1.0
FL250289,Joyce Humphrey,FEMALE,56.0,India,Hindi,Machine Learning,2.0,30.0,1.9,True,0.81
FL250290,James Carr,MALE,44.0,United Kingdom,English,Blockchain Development,13.0,100.0,3.1,True,0.95
FL250291,Joseph Mendoza,MALE,46.0,Indonesia,Indonesian,UI/UX Design,0.0,40.0,1.8,False,0.88
FL250292,Cathy Baldwin,FEMALE,27.0,Japan,Japanese,Web Development,7.0,30.0,2.4,True,0.66
FL250293,Christine Hart,FEMALE,49.0,India,Hindi,Blockchain Development,13.0,100.0,4.2,True,0.84
FL250294,Mike Stanley,MALE,53.0,Mexico,Spanish,Web Development,21.0,50.0,1.4,False,0.79
FL250295,Jeffrey Edwards,MALE,56.0,Australia,English,Web Development,19.0,40.0,1.2,True,0.82
FL250296,Amy Lee,FEMALE,56.0,United Kingdom,English,DevOps,34.0,40.0,2.1,True,0.84
FL250297,Mark Thompson,MALE,38.0,South Africa,Afrikaans,Data Analysis,3.0,100.0,1.4,False,0.73
FL250298,Alex Wilson,MALE,20.0,South Korea,Korean,Mobile Apps,0.0,30.0,3.8,False,0.93
FL250299,Nancy Mendez,FEMALE,38.0,Canada,English,Machine Learning,20.0,50.0,0.0,False,0.64
FL250300,Beth Crane,FEMALE,41.0,Netherlands,Dutch,Mobile Apps,6.0,40.0,3.5,False,0.76
FL250301,Miguel Rogers,MALE,46.0,India,Hindi,Machine Learning,13.0,100.0,0.0,True,0.97
FL250302,Thomas Robles,MALE,36.0,South Africa,Afrikaans,Data Analysis,9.0,75.0,2.2,False,0.95
FL250303,Joel Brown III,MALE,33.0,Russia,Russian,Web Development,2.0,75.0,2.5,False,0.65
FL250304,Olivia Schultz,FEMALE,37.0,Canada,English,Graphic Design,0.0,50.0,4.7,False,0.77
FL250305,Clayton Pena,MALE,20.0,Egypt,Arabic,Data Analysis,0.0,20.0,3.9,False,0.79
FL250306,Ashley Salazar,FEMALE,48.0,China,Mandarin,Data Analysis,2.0,75.0,1.6,False,0.67
FL250307,Robert Lucas,MALE,27.0,France,French,Cybersecurity,2.0,50.0,2.6,False,0.84
FL250308,David Cox,MALE,34.0,South Korea,Korean,Mobile Apps,1.0,30.0,3.6,True,0.87
FL250309,Christian Campbell,MALE,55.0,Brazil,Portuguese,Machine Learning,14.0,30.0,1.2,True,0.91
FL250310,Mrs. Angela Ward,FEMALE,44.0,South Africa,Afrikaans,Machine Learning,14.0,75.0,3.0,False,0.78
FL250311,Lucas Chen,MALE,31.0,Netherlands,Dutch,UI/UX Design,2.0,50.0,3.9,False,0.79
FL250312,Ruben Nelson,MALE,34.0,Australia,English,DevOps,1.0,40.0,1.7,False,0.74
FL250313,Brenda Briggs,FEMALE,47.0,Brazil,Portuguese,DevOps,13.0,20.0,4.5,False,0.91
FL250314,Ronald Smith,MALE,50.0,United States,English,Graphic Design,23.0,40.0,3.6,True,0.71
FL250315,Dakota Giles,MALE,39.0,Germany,German,Cybersecurity,9.0,75.0,3.6,True,0.87
FL250316,Angela Castillo,FEMALE,26.0,Argentina,Spanish,Blockchain Development,3.0,100.0,2.8,True,0.61
FL250317,Allen Lee,MALE,41.0,Netherlands,Dutch,DevOps,0.0,100.0,5.0,False,0.79
FL250318,Michael Rogers,MALE,32.0,Germany,German,Graphic Design,0.0,100.0,1.4,True,0.81
FL250319,Danielle Costa,FEMALE,55.0,Russia,Russian,Data Analysis,17.0,30.0,2.6,False,0.79
FL250320,William Nunez,MALE,32.0,Argentina,Spanish,Machine Learning,9.0,40.0,4.6,True,0.84
FL250321,Christopher Riggs,MALE,30.0,South Korea,Korean,Blockchain Development,4.0,20.0,3.3,False,0.79
FL250322,Kathryn Myers,FEMALE,37.0,Canada,English,Cybersecurity,0.0,40.0,3.7,True,0.79
FL250323,Robert Walls,MALE,52.0,Brazil,Portuguese,Graphic Design,33.0,40.0,0.0,True,0.6
FL250324,Justin Johnson,MALE,48.0,India,Hindi,Cybersecurity,18.0,50.0,0.0,True,0.64
FL250325,Paula Stevens,FEMALE,28.0,Japan,Japanese,Mobile Apps,9.0,40.0,2.6,True,0.64
FL250326,Jennifer Allen,FEMALE,58.0,Spain,Spanish,Data Analysis,40.0,75.0,3.4,True,1.0
FL250327,Mark Hudson,MALE,30.0,Argentina,Spanish,Web Development,1.0,40.0,1.6,True,1.0
FL250328,Jessica Smith,FEMALE,47.0,China,Mandarin,Mobile Apps,5.0,20.0,1.9,False,0.79
FL250329,Mike Dean,MALE,44.0,Argentina,Spanish,AI,4.0,50.0,0.0,True,0.83
FL250330,Jose Wilson,MALE,56.0,Italy,Italian,Machine Learning,13.0,40.0,2.6,True,0.87
FL250331,Tammy Hill,FEMALE,53.0,United States,English,Mobile Apps,33.0,100.0,2.6,False,0.75
FL250332,Nathaniel Flores,MALE,59.0,United Kingdom,English,Mobile Apps,22.0,40.0,1.1,True,0.61
FL250333,Edwin Carter,MALE,60.0,United States,English,DevOps,34.0,40.0,2.5,False,0.93
FL250334,Patricia Miller,FEMALE,33.0,Germany,German,Mobile Apps,8.0,30.0,3.6,True,0.79
FL250335,Rebecca Schneider,FEMALE,21.0,Argentina,Spanish,Web Development,1.0,20.0,2.6,False,0.99
FL250336,John Greene,MALE,54.0,United Kingdom,English,UI/UX Design,20.0,50.0,4.4,False,0.73
FL250337,Brittany Mcdowell,FEMALE,33.0,United States,English,Graphic Design,11.0,75.0,2.1,False,0.96
FL250338,Lori Miller,FEMALE,57.0,Turkey,Turkish,Data Analysis,2.0,40.0,0.0,False,0.6
FL250339,Joseph Robinson,MALE,36.0,South Korea,Korean,Graphic Design,6.0,20.0,1.0,True,0.64
FL250340,Aaron Pruitt,MALE,50.0,Germany,German,Blockchain Development,20.0,30.0,0.0,False,0.79
FL250341,Victoria Miller,FEMALE,37.0,Canada,English,DevOps,9.0,20.0,4.9,False,0.79
FL250342,Clarence Vega,MALE,53.0,Italy,Italian,AI,4.0,30.0,4.7,False,0.99
FL250343,Deborah Day,FEMALE,22.0,Italy,Italian,Blockchain Development,3.0,40.0,2.1,False,0.79
FL250344,Nicole Rocha,FEMALE,55.0,Netherlands,Dutch,Mobile Apps,33.0,40.0,1.5,True,0.71
FL250345,Elijah Green,MALE,22.0,Australia,English,Cybersecurity,1.0,40.0,2.6,False,0.72
FL250346,Emily Johnson,FEMALE,45.0,Turkey,Turkish,Web Development,23.0,50.0,0.0,False,0.66
FL250347,Richard Velasquez Jr.,MALE,36.0,France,French,Data Analysis,13.0,40.0,2.6,False,0.78
FL250348,Kurt Wilson,MALE,23.0,Australia,English,DevOps,1.0,20.0,4.0,True,1.0
FL250349,Jeremiah Rodriguez,MALE,55.0,Italy,Italian,DevOps,15.0,40.0,4.5,False,0.79
FL250350,Lauren Lang,FEMALE,50.0,Brazil,Portuguese,Mobile Apps,18.0,75.0,3.8,False,0.67
FL250351,Matthew Phillips,MALE,48.0,United States,English,Machine Learning,21.0,50.0,4.0,False,0.78
FL250352,Michael Andersen,MALE,23.0,Netherlands,Dutch,DevOps,1.0,40.0,4.9,True,0.78
FL250353,Amanda Mayo,FEMALE,49.0,Canada,English,Web Development,25.0,30.0,3.4,False,0.75
FL250354,Jessica Vance,FEMALE,47.0,Italy,Italian,Cybersecurity,12.0,50.0,2.1,True,0.67
FL250355,Alexa Gallegos,FEMALE,56.0,Japan,Japanese,Graphic Design,32.0,40.0,0.0,True,0.86
FL250356,Charles Pratt,MALE,58.0,Argentina,Spanish,UI/UX Design,9.0,100.0,4.5,False,0.77
FL250357,Brian Baker,MALE,32.0,South Korea,Korean,UI/UX Design,10.0,30.0,3.8,False,0.61
FL250358,Christina Norman,FEMALE,52.0,India,Hindi,UI/UX Design,0.0,40.0,4.3,False,0.9
FL250359,Laura Kelly,FEMALE,22.0,China,Mandarin,Data Analysis,1.0,50.0,0.0,False,0.98
FL250360,John Webb,MALE,20.0,India,Hindi,Cybersecurity,2.0,30.0,2.6,True,0.99
FL250361,Christopher Burton,MALE,56.0,Netherlands,Dutch,Data Analysis,9.0,40.0,2.6,False,0.61
FL250362,Bradley Aguilar,MALE,41.0,Japan,Japanese,Data Analysis,22.0,50.0,1.6,True,0.61
FL250363,Arthur Vasquez,MALE,25.0,Argentina,Spanish,Blockchain Development,5.0,30.0,2.3,False,0.91
FL250364,Angela Castro,FEMALE,44.0,Canada,English,Cybersecurity,6.0,75.0,4.6,True,0.72
FL250365,Summer Yoder,FEMALE,46.0,Australia,English,Web Development,26.0,100.0,2.1,False,0.79
FL250366,Jackie Allen,FEMALE,40.0,South Korea,Korean,Blockchain Development,9.0,40.0,1.5,False,0.96
FL250367,Brandon Williams,MALE,41.0,China,Mandarin,AI,9.0,40.0,1.7,True,0.72
FL250368,Manuel Torres,MALE,31.0,Japan,Japanese,Data Analysis,11.0,40.0,3.3,False,0.79
FL250369,Scott Keller,MALE,33.0,South Korea,Korean,Machine Learning,9.0,40.0,4.3,True,0.63
FL250370,Deborah Brown,FEMALE,31.0,Brazil,Portuguese,Machine Learning,3.0,20.0,2.6,False,0.79
FL250371,Jennifer Lara,FEMALE,49.0,Italy,Italian,Data Analysis,15.0,75.0,2.6,False,0.83
FL250372,Jason Scott,MALE,35.0,Mexico,Spanish,Graphic Design,12.0,20.0,4.1,False,0.94
FL250373,Gregory Garrison,MALE,45.0,India,Hindi,Data Analysis,19.0,40.0,2.2,True,0.78
FL250374,Chelsea Anderson,FEMALE,39.0,Netherlands,Dutch,Data Analysis,13.0,30.0,1.1,True,0.79
FL250375,Gerald Johnson,MALE,41.0,Argentina,Spanish,Blockchain Development,9.0,50.0,2.1,True,0.82
FL250376,Kevin Ellis,MALE,24.0,Germany,German,Cybersecurity,3.0,30.0,2.3,False,0.66
FL250377,Mitchell Keller,MALE,50.0,Australia,English,Graphic Design,26.0,40.0,3.6,True,0.82
FL250378,Mary Brown,FEMALE,23.0,Germany,German,Machine Learning,4.0,20.0,4.7,True,0.84
FL250379,Ronald Walls,MALE,27.0,Canada,English,Cybersecurity,8.0,20.0,4.8,False,0.81
FL250380,Anthony Avila,MALE,58.0,South Africa,Afrikaans,AI,10.0,75.0,4.2,False,0.71
FL250381,Douglas Goodwin,MALE,37.0,Italy,Italian,Machine Learning,5.0,40.0,4.8,True,0.61
FL250382,James Mills,MALE,39.0,Spain,Spanish,Blockchain Development,18.0,75.0,4.0,True,0.66
FL250383,Nicole Marks,FEMALE,46.0,Egypt,Arabic,Data Analysis,10.0,20.0,2.5,True,0.97
FL250384,Phyllis Dawson,FEMALE,41.0,United Kingdom,English,UI/UX Design,0.0,20.0,4.8,False,0.74
FL250385,Renee Arnold,FEMALE,39.0,Mexico,Spanish,Blockchain Development,21.0,30.0,4.7,False,0.61
FL250386,Eric Robinson,MALE,59.0,Egypt,Arabic,Blockchain Development,25.0,20.0,4.0,False,0.9
FL250387,Paul Brown,MALE,21.0,Netherlands,Dutch,DevOps,0.0,40.0,4.1,True,0.97
FL250388,Sarah Proctor,FEMALE,23.0,Canada,English,DevOps,5.0,100.0,3.2,True,0.79
FL250389,Matthew Hicks,MALE,27.0,Egypt,Arabic,Web Development,1.0,20.0,4.3,False,0.76
FL250390,Christopher Black,MALE,27.0,China,Mandarin,Cybersecurity,4.0,40.0,4.4,False,0.92
FL250391,Joanne Reyes,FEMALE,48.0,South Africa,Afrikaans,Data Analysis,21.0,40.0,2.3,False,0.79
FL250392,Isaac Gray,MALE,21.0,South Africa,Afrikaans,AI,1.0,20.0,2.4,True,0.66
FL250393,Joshua Roberts,MALE,37.0,Italy,Italian,DevOps,9.0,50.0,4.6,False,0.83
FL250394,Elizabeth Estrada,FEMALE,31.0,Germany,German,UI/UX Design,10.0,50.0,0.0,False,0.79
FL250395,Lori Malone,FEMALE,41.0,Egypt,Arabic,Blockchain Development,21.0,40.0,0.0,True,0.79
FL250396,Anthony Huynh MD,MALE,31.0,Russia,Russian,Cybersecurity,0.0,20.0,4.2,True,0.82
FL250397,Mindy York,FEMALE,58.0,Argentina,Spanish,Data Analysis,0.0,50.0,2.3,False,0.77
FL250398,Ms. Christine Cherry,FEMALE,45.0,Netherlands,Dutch,Data Analysis,17.0,50.0,4.7,True,0.73
FL250399,Daniel Foster,MALE,51.0,South Korea,Korean,Cybersecurity,5.0,40.0,3.0,True,0.88
FL250400,Mr. David Valencia,MALE,54.0,United States,English,UI/UX Design,3.0,30.0,2.4,False,0.81
FL250401,Ethan Adams,MALE,22.0,Russia,Russian,Data Analysis,1.0,20.0,1.7,False,0.78
FL250402,Brett Moore,MALE,36.0,Turkey,Turkish,Cybersecurity,2.0,75.0,0.0,False,0.92
FL250403,Phillip Griffin,MALE,50.0,Germany,German,DevOps,32.0,30.0,2.6,False,0.64
FL250404,Stacie Wall,FEMALE,41.0,Australia,English,Blockchain Development,14.0,30.0,0.0,True,0.78
FL250405,Jacob Austin,MALE,41.0,South Africa,Afrikaans,Web Development,10.0,20.0,1.8,True,0.85
FL250406,Sabrina Davidson,FEMALE,51.0,Netherlands,Dutch,Cybersecurity,27.0,50.0,0.0,False,0.78
FL250407,Dustin Douglas,MALE,21.0,France,French,AI,2.0,30.0,3.8,True,0.98
FL250408,Steven Norris,MALE,51.0,Japan,Japanese,AI,33.0,40.0,0.0,True,0.63
FL250409,Mindy Sullivan,FEMALE,37.0,Indonesia,Indonesian,Graphic Design,11.0,40.0,3.6,False,0.73
FL250410,Elizabeth Stone,FEMALE,20.0,Spain,Spanish,Graphic Design,2.0,30.0,0.0,False,0.94
FL250411,Diane Flores,FEMALE,50.0,Australia,English,Web Development,31.0,50.0,4.1,False,0.81
FL250412,Jessica Erickson,FEMALE,58.0,Turkey,Turkish,Graphic Design,17.0,50.0,2.6,True,0.61
FL250413,Sara Moses,FEMALE,40.0,Brazil,Portuguese,UI/UX Design,2.0,100.0,0.0,False,0.79
FL250414,Allison Henderson,FEMALE,26.0,Egypt,Arabic,Web Development,2.0,20.0,1.3,False,0.83
FL250415,Susan Dixon,FEMALE,44.0,South Korea,Korean,Cybersecurity,22.0,30.0,4.1,True,0.79
FL250416,David Morrison,MALE,42.0,Mexico,Spanish,Machine Learning,8.0,50.0,2.4,False,0.68
FL250417,Jason Carter,MALE,38.0,Mexico,Spanish,Data Analysis,9.0,50.0,0.0,False,0.74
FL250418,James Jacobs,MALE,51.0,Egypt,Arabic,Web Development,32.0,100.0,4.4,False,0.91
FL250419,Kathleen Quinn,FEMALE,36.0,France,French,AI,8.0,100.0,2.2,True,0.97
FL250420,Natalie Frank MD,FEMALE,37.0,Australia,English,Mobile Apps,10.0,30.0,0.0,False,0.96
FL250421,Michael Reed,MALE,31.0,South Africa,Afrikaans,DevOps,0.0,50.0,1.1,True,0.73
FL250422,Sheila Smith,FEMALE,47.0,India,Hindi,Cybersecurity,22.0,40.0,1.4,True,0.72
FL250423,Morgan Ford,FEMALE,60.0,Mexico,Spanish,UI/UX Design,34.0,100.0,0.0,True,0.74
FL250424,Linda Schultz,FEMALE,48.0,Argentina,Spanish,Mobile Apps,5.0,30.0,1.5,False,0.79
FL250425,Regina Daniel,FEMALE,24.0,India,Hindi,AI,3.0,20.0,0.0,True,0.79
FL250426,Allison Perkins,FEMALE,35.0,Netherlands,Dutch,Machine Learning,10.0,75.0,0.0,False,0.74
FL250427,Bradley Weaver,MALE,35.0,United States,English,DevOps,9.0,100.0,3.5,True,0.71
FL250428,Sarah Hall,FEMALE,29.0,Netherlands,Dutch,UI/UX Design,6.0,40.0,4.8,False,0.83
FL250429,Diana Walton,FEMALE,36.0,Italy,Italian,Machine Learning,1.0,75.0,2.6,False,0.63
FL250430,Donna Davis,FEMALE,44.0,Canada,English,AI,0.0,40.0,4.8,False,0.84
FL250431,Christopher Mcclain,MALE,44.0,South Africa,Afrikaans,Web Development,9.0,40.0,1.4,False,0.93
FL250432,Dr. Paul Williamson,MALE,40.0,India,Hindi,AI,13.0,100.0,1.1,True,0.79
FL250433,Barbara Brown,FEMALE,53.0,Netherlands,Dutch,Machine Learning,13.0,50.0,3.3,True,0.93
FL250434,Kimberly Allen,FEMALE,35.0,Germany,German,Blockchain Development,0.0,30.0,4.6,False,0.97
FL250435,Elizabeth Edwards,FEMALE,27.0,Argentina,Spanish,Machine Learning,7.0,75.0,2.8,True,0.92
FL250436,Anthony Downs,MALE,34.0,Australia,English,DevOps,6.0,50.0,5.0,True,0.92
FL250437,Jack Ortega,MALE,24.0,India,Hindi,Cybersecurity,2.0,75.0,4.7,False,0.68
FL250438,Marvin Moore,MALE,57.0,United States,English,UI/UX Design,13.0,100.0,3.5,False,0.95
FL250439,Tony French,MALE,28.0,South Korea,Korean,UI/UX Design,7.0,100.0,4.3,False,0.76
FL250440,Stacy Hudson,FEMALE,26.0,Italy,Italian,DevOps,7.0,100.0,3.3,True,0.66
FL250441,Scott Washington,MALE,34.0,Argentina,Spanish,Mobile Apps,15.0,75.0,2.6,False,0.73
FL250442,Timothy Wright,MALE,43.0,Japan,Japanese,AI,9.0,20.0,2.8,False,0.99
FL250443,Joseph Gonzalez,MALE,31.0,China,Mandarin,Graphic Design,5.0,40.0,2.7,True,0.94
FL250444,Andrea Perez,FEMALE,34.0,China,Mandarin,Blockchain Development,9.0,50.0,0.0,False,0.84
FL250445,Angel Collins,FEMALE,32.0,Russia,Russian,Cybersecurity,10.0,20.0,2.6,True,0.92
FL250446,Daniel Terry,MALE,24.0,Egypt,Arabic,DevOps,6.0,75.0,4.3,True,0.79
FL250447,Steven Whitaker,MALE,35.0,United Kingdom,English,AI,8.0,50.0,2.6,False,0.9
FL250448,Denise Neal,FEMALE,22.0,Australia,English,Mobile Apps,4.0,20.0,2.6,False,0.73
FL250449,Amanda Jacobs,FEMALE,55.0,Egypt,Arabic,AI,3.0,100.0,2.6,True,0.73
FL250450,Karen Mercer,FEMALE,54.0,Argentina,Spanish,Machine Learning,9.0,30.0,2.9,True,0.78
FL250451,Lindsay Hudson,FEMALE,36.0,Netherlands,Dutch,Cybersecurity,11.0,30.0,0.0,True,0.63
FL250452,Stephanie Armstrong,FEMALE,36.0,Netherlands,Dutch,AI,17.0,50.0,1.3,False,0.64
FL250453,Dr. Jessica Campbell,FEMALE,25.0,Argentina,Spanish,Web Development,1.0,75.0,0.0,True,0.79
FL250454,Curtis Maxwell,MALE,46.0,Indonesia,Indonesian,AI,16.0,20.0,4.8,True,0.86
FL250455,Adam Kelly PhD,MALE,41.0,Argentina,Spanish,Machine Learning,11.0,40.0,2.4,False,0.79
FL250456,Julie Becker,FEMALE,21.0,Russia,Russian,Mobile Apps,3.0,100.0,4.7,False,0.96
FL250457,James Moore,MALE,29.0,United States,English,Graphic Design,9.0,75.0,2.0,False,0.79
FL250458,Danielle Barrera,FEMALE,44.0,United States,English,Mobile Apps,3.0,50.0,2.2,False,0.77
FL250459,David Sanchez,MALE,40.0,Canada,English,Machine Learning,1.0,100.0,2.1,True,0.79
FL250460,Tiffany Bowman,FEMALE,27.0,Egypt,Arabic,Data Analysis,1.0,30.0,1.7,False,0.65
FL250461,Jesus Quinn,MALE,53.0,France,French,Mobile Apps,35.0,40.0,5.0,True,0.62
FL250462,Mr. Danny Morris DDS,MALE,20.0,Turkey,Turkish,Data Analysis,1.0,50.0,2.9,False,0.81
FL250463,Nicole York,FEMALE,41.0,Japan,Japanese,DevOps,12.0,50.0,4.1,True,0.62
FL250464,John Mathis,MALE,26.0,Mexico,Spanish,Web Development,8.0,40.0,4.9,False,0.87
FL250465,Julie Barnett,FEMALE,49.0,Brazil,Portuguese,Machine Learning,13.0,100.0,2.5,False,0.79
FL250466,Jasmine Harris,FEMALE,20.0,Egypt,Arabic,Data Analysis,0.0,30.0,0.0,True,0.76
FL250467,Mary Henry,FEMALE,39.0,China,Mandarin,Blockchain Development,11.0,100.0,2.8,False,0.7
FL250468,Judith Riggs,FEMALE,41.0,China,Mandarin,Machine Learning,19.0,100.0,3.8,True,0.71
FL250469,Justin Ruiz,MALE,59.0,Canada,English,Mobile Apps,30.0,30.0,4.3,True,0.83
FL250470,Jennifer Sullivan,FEMALE,45.0,Australia,English,Blockchain Development,8.0,40.0,0.0,False,0.78
FL250471,Jesse Moran,MALE,22.0,Indonesia,Indonesian,Cybersecurity,0.0,40.0,1.3,True,0.78
FL250472,Monica Smith,FEMALE,48.0,India,Hindi,Mobile Apps,7.0,50.0,4.7,True,0.6
FL250473,Ian May,MALE,36.0,France,French,Blockchain Development,11.0,40.0,1.3,True,0.79
FL250474,Kayla Meyers,FEMALE,57.0,China,Mandarin,Blockchain Development,9.0,75.0,4.8,True,0.79
FL250475,John Bray,MALE,42.0,United States,English,UI/UX Design,14.0,30.0,1.3,False,0.94
FL250476,James Smith,MALE,31.0,Indonesia,Indonesian,Cybersecurity,11.0,50.0,4.3,False,0.62
FL250477,Mark Duncan,MALE,52.0,Spain,Spanish,Cybersecurity,31.0,30.0,2.6,True,0.79
FL250478,Matthew Gay,MALE,56.0,Netherlands,Dutch,DevOps,16.0,30.0,0.0,True,0.79
FL250479,Cheryl Freeman,FEMALE,24.0,Netherlands,Dutch,DevOps,6.0,30.0,0.0,True,0.84
FL250480,Patrick Welch,MALE,48.0,Canada,English,DevOps,21.0,75.0,2.7,True,0.79
FL250481,Craig Levine,MALE,59.0,France,French,Cybersecurity,13.0,40.0,2.4,False,0.65
FL250482,Richard Harvey,MALE,41.0,United Kingdom,English,Web Development,9.0,40.0,1.9,True,0.94
FL250483,Bonnie Sherman,FEMALE,41.0,Netherlands,Dutch,Mobile Apps,11.0,20.0,3.6,False,0.69
FL250484,Keith Trujillo,MALE,25.0,Netherlands,Dutch,Mobile Apps,0.0,50.0,2.9,True,0.65
FL250485,Corey Combs,MALE,31.0,Egypt,Arabic,Mobile Apps,2.0,75.0,2.8,False,0.6
FL250486,Antonio King,MALE,40.0,Turkey,Turkish,DevOps,12.0,75.0,2.6,False,0.79
FL250487,Amy Lee,FEMALE,48.0,Russia,Russian,Blockchain Development,13.0,100.0,2.7,False,0.62
FL250488,Jennifer Rogers,FEMALE,24.0,South Africa,Afrikaans,Mobile Apps,6.0,30.0,1.1,True,0.79
FL250489,Jeffrey Cooper,MALE,33.0,Indonesia,Indonesian,Web Development,10.0,30.0,0.0,True,0.89
FL250490,Allison Williams,FEMALE,43.0,Brazil,Portuguese,UI/UX Design,2.0,40.0,0.0,True,0.89
FL250491,Raymond Sherman,MALE,43.0,Spain,Spanish,Blockchain Development,4.0,50.0,0.0,True,1.0
FL250492,Jennifer Nelson,FEMALE,33.0,Australia,English,Web Development,11.0,40.0,4.6,True,0.79
FL250493,Jennifer Carter,FEMALE,49.0,Russia,Russian,UI/UX Design,14.0,40.0,1.5,False,0.6
FL250494,Todd Williams,MALE,55.0,Canada,English,UI/UX Design,10.0,40.0,2.0,False,0.85
FL250495,Emily Horton,FEMALE,33.0,South Korea,Korean,Graphic Design,3.0,40.0,1.6,False,0.83
FL250496,Lance Lester,MALE,32.0,Argentina,Spanish,AI,3.0,30.0,1.5,False,0.96
FL250497,Kevin Flores,MALE,58.0,Netherlands,Dutch,Blockchain Development,33.0,40.0,4.1,True,0.83
FL250498,Aaron Stewart PhD,MALE,49.0,Indonesia,Indonesian,Data Analysis,24.0,100.0,4.7,False,0.6
FL250499,Robin Moore,FEMALE,22.0,Russia,Russian,UI/UX Design,3.0,100.0,3.6,True,0.78
FL250500,Suzanne Ingram,FEMALE,40.0,Egypt,Arabic,Web Development,11.0,20.0,1.8,True,0.9
FL250501,Jacob Mclaughlin,MALE,55.0,Australia,English,Data Analysis,7.0,100.0,2.1,False,0.66
FL250502,Michael Nunez,MALE,32.0,Mexico,Spanish,DevOps,1.0,50.0,2.6,True,0.7
FL250503,Isabel Brown,FEMALE,21.0,Japan,Japanese,UI/UX Design,0.0,30.0,4.2,True,0.79
FL250504,Michael Stein,MALE,23.0,South Korea,Korean,Blockchain Development,1.0,40.0,0.0,False,0.64
FL250505,Robert Stone,MALE,21.0,United Kingdom,English,Mobile Apps,1.0,30.0,1.0,False,0.81
FL250506,Dillon Henry,MALE,31.0,Argentina,Spanish,AI,7.0,75.0,4.4,False,0.83
FL250507,James Todd,MALE,21.0,Mexico,Spanish,Blockchain Development,9.0,40.0,4.0,False,0.91
FL250508,Clifford Moore MD,MALE,33.0,United Kingdom,English,Cybersecurity,6.0,50.0,3.1,False,0.79
FL250509,John Rios,MALE,57.0,Brazil,Portuguese,Web Development,5.0,75.0,1.1,True,0.77
FL250510,Anthony Gaines,MALE,52.0,United States,English,DevOps,17.0,75.0,0.0,False,0.94
FL250511,Kristi Brown DVM,FEMALE,21.0,Germany,German,Web Development,0.0,20.0,3.8,True,0.61
FL250512,Ashley Odonnell,FEMALE,36.0,Argentina,Spanish,UI/UX Design,8.0,100.0,1.7,False,0.68
FL250513,Ronald Elliott,MALE,33.0,Spain,Spanish,Machine Learning,13.0,50.0,2.2,False,0.7
FL250514,Lorraine Lowery,FEMALE,54.0,United Kingdom,English,Data Analysis,15.0,40.0,4.1,True,0.71
FL250515,Victoria Chapman,FEMALE,33.0,United States,English,Blockchain Development,2.0,100.0,3.8,False,0.79
FL250516,Heather Davis,FEMALE,36.0,Japan,Japanese,Machine Learning,9.0,30.0,0.0,True,0.78
FL250517,Diana Chase,FEMALE,36.0,Turkey,Turkish,AI,3.0,50.0,0.0,False,0.75
FL250518,Danielle Adkins,FEMALE,43.0,China,Mandarin,AI,15.0,20.0,4.2,True,0.91
FL250519,Kenneth Arias,MALE,52.0,United Kingdom,English,Data Analysis,21.0,75.0,2.2,True,0.66
FL250520,Victoria Owen,FEMALE,28.0,Indonesia,Indonesian,Cybersecurity,2.0,75.0,1.5,True,0.68
FL250521,Christina King,FEMALE,47.0,China,Mandarin,Cybersecurity,21.0,100.0,0.0,False,0.79
FL250522,Samantha King,FEMALE,30.0,France,French,DevOps,0.0,100.0,4.1,False,0.62
FL250523,Scott Compton,MALE,36.0,Egypt,Arabic,Blockchain Development,4.0,40.0,2.6,False,0.9
FL250524,Monica West,FEMALE,45.0,United States,English,UI/UX Design,23.0,100.0,2.4,False,0.96
FL250525,Theresa Stewart,FEMALE,51.0,United States,English,Blockchain Development,25.0,50.0,1.4,True,0.6
FL250526,Steven Kim,MALE,46.0,Turkey,Turkish,Mobile Apps,10.0,40.0,4.6,True,0.62
FL250527,Kristi Knight,FEMALE,38.0,Italy,Italian,Data Analysis,18.0,40.0,4.9,False,0.74
FL250528,Jason Bryant,MALE,26.0,Spain,Spanish,Blockchain Development,1.0,20.0,0.0,True,0.79
FL250529,Maureen Keith,FEMALE,40.0,United Kingdom,English,DevOps,12.0,30.0,3.5,False,0.98
FL250530,Shawn Hogan,MALE,37.0,Germany,German,Machine Learning,9.0,40.0,1.7,True,0.63
FL250531,William Davis,MALE,28.0,Canada,English,Blockchain Development,5.0,50.0,0.0,True,0.96
FL250532,Stacy Bailey,FEMALE,48.0,India,Hindi,Mobile Apps,28.0,20.0,0.0,False,0.88
FL250533,Thomas Dixon,MALE,22.0,India,Hindi,AI,0.0,40.0,4.6,False,0.79
FL250534,Maria Hall,FEMALE,41.0,Germany,German,Web Development,14.0,40.0,1.1,True,0.73
FL250535,Tony Lee,MALE,38.0,United States,English,Graphic Design,15.0,40.0,4.2,False,0.88
FL250536,Catherine Mccoy MD,FEMALE,31.0,South Africa,Afrikaans,UI/UX Design,9.0,40.0,0.0,False,0.91
FL250537,Maria Benitez,FEMALE,30.0,China,Mandarin,Mobile Apps,9.0,30.0,3.9,False,0.65
FL250538,Joshua Chambers,MALE,51.0,Mexico,Spanish,UI/UX Design,22.0,20.0,3.4,True,0.9
FL250539,Janice Daniels,FEMALE,21.0,Germany,German,DevOps,0.0,20.0,2.6,False,0.72
FL250540,Carla Wood,FEMALE,20.0,Italy,Italian,DevOps,1.0,40.0,2.3,True,0.72
FL250541,Kenneth Vasquez,MALE,30.0,Japan,Japanese,Blockchain Development,5.0,30.0,4.8,False,0.79
FL250542,Kevin Smith,MALE,41.0,China,Mandarin,Data Analysis,0.0,40.0,4.5,False,0.68
FL250543,Thomas Kim,MALE,22.0,Spain,Spanish,Blockchain Development,0.0,30.0,0.0,False,0.87
FL250544,Sean Park,MALE,45.0,Mexico,Spanish,Cybersecurity,19.0,75.0,0.0,False,0.72
FL250545,Judith Poole,FEMALE,22.0,Australia,English,Data Analysis,2.0,40.0,1.1,False,0.76
FL250546,Melanie Baird,FEMALE,20.0,Turkey,Turkish,Mobile Apps,0.0,100.0,0.0,False,0.63
FL250547,Erika Mitchell,FEMALE,20.0,Canada,English,Data Analysis,2.0,40.0,2.6,True,0.91
FL250548,Ricky Martinez,MALE,21.0,United Kingdom,English,AI,0.0,100.0,2.6,False,0.73
FL250549,John Christian,MALE,22.0,Netherlands,Dutch,Cybersecurity,1.0,40.0,0.0,False,0.63
FL250550,Nancy Smith,FEMALE,28.0,United Kingdom,English,DevOps,3.0,20.0,2.6,True,0.79
FL250551,Cassandra Stephens,FEMALE,59.0,Argentina,Spanish,AI,9.0,20.0,4.1,False,0.75
FL250552,Miss Janet Donovan MD,FEMALE,28.0,France,French,Web Development,1.0,40.0,0.0,False,0.7
FL250553,Kristina Williams,FEMALE,40.0,Australia,English,DevOps,0.0,100.0,1.2,False,0.87
FL250554,Wayne Barnes,MALE,57.0,Italy,Italian,Blockchain Development,7.0,30.0,1.6,False,0.79
FL250555,James Hinton,MALE,47.0,Turkey,Turkish,DevOps,1.0,50.0,3.9,True,0.88
FL250556,David Spence,MALE,48.0,South Korea,Korean,Cybersecurity,21.0,40.0,0.0,True,0.79
FL250557,Tyler Cooper,MALE,28.0,United States,English,UI/UX Design,1.0,20.0,4.7,False,0.93
FL250558,Sean Martinez,MALE,41.0,Turkey,Turkish,Graphic Design,15.0,40.0,3.8,True,0.79
FL250559,Janet Barron,FEMALE,57.0,South Africa,Afrikaans,Cybersecurity,33.0,100.0,3.5,False,0.74
FL250560,Rodney Wilson,MALE,60.0,Argentina,Spanish,Graphic Design,39.0,75.0,4.0,False,0.7
FL250561,Kimberly Fitzgerald,FEMALE,48.0,Egypt,Arabic,Graphic Design,21.0,30.0,1.6,True,0.67
FL250562,Nicole Davis,FEMALE,24.0,France,French,Cybersecurity,5.0,40.0,3.0,False,0.86
FL250563,Elizabeth Hayes,FEMALE,33.0,Mexico,Spanish,DevOps,11.0,50.0,5.0,True,0.69
FL250564,Kathy Faulkner,FEMALE,20.0,Turkey,Turkish,Graphic Design,0.0,30.0,4.8,True,0.68
FL250565,John Gonzales,MALE,59.0,United Kingdom,English,DevOps,15.0,50.0,2.6,False,0.79
FL250566,Shannon Luna,FEMALE,42.0,China,Mandarin,DevOps,22.0,40.0,2.9,False,0.61
FL250567,Stephanie Burton,FEMALE,22.0,Turkey,Turkish,UI/UX Design,3.0,40.0,3.0,True,0.96
FL250568,Kevin Gonzales,MALE,41.0,Canada,English,Cybersecurity,11.0,50.0,3.5,True,0.68
FL250569,Dawn Hardy,FEMALE,25.0,Argentina,Spanish,Web Development,5.0,40.0,2.6,True,0.75
FL250570,Margaret Perkins,FEMALE,38.0,Canada,English,UI/UX Design,3.0,40.0,4.7,False,0.69
FL250571,Amanda Vargas,FEMALE,43.0,United States,English,DevOps,1.0,40.0,2.9,False,0.78
FL250572,Tonya Gonzalez,FEMALE,54.0,Mexico,Spanish,AI,1.0,75.0,4.4,True,0.79
FL250573,Elizabeth Bowman,FEMALE,31.0,Indonesia,Indonesian,Mobile Apps,2.0,40.0,2.3,False,0.98
FL250574,Ariana Pittman,FEMALE,56.0,Mexico,Spanish,AI,3.0,30.0,3.7,False,0.83
FL250575,Antonio Johnson,MALE,46.0,Mexico,Spanish,Graphic Design,11.0,40.0,1.8,True,0.91
FL250576,Justin Lang,MALE,60.0,Egypt,Arabic,AI,9.0,100.0,0.0,True,0.96
FL250577,Kelli Ramirez,FEMALE,28.0,South Korea,Korean,Graphic Design,2.0,50.0,2.6,True,0.85
FL250578,Deborah Torres,FEMALE,43.0,Indonesia,Indonesian,Web Development,20.0,30.0,2.7,False,0.72
FL250579,Joseph Horn,MALE,41.0,France,French,Web Development,11.0,20.0,4.7,False,0.69
FL250580,Christopher Robinson,MALE,41.0,United Kingdom,English,DevOps,0.0,20.0,3.1,False,0.9
FL250581,Sandra Mccormick,FEMALE,40.0,United Kingdom,English,Mobile Apps,20.0,20.0,2.3,False,0.92
FL250582,Michael Holland,MALE,45.0,Germany,German,DevOps,3.0,20.0,1.3,True,0.91
FL250583,Kenneth Stevenson,MALE,47.0,Egypt,Arabic,DevOps,28.0,50.0,2.9,True,0.79
FL250584,Timothy Bennett,MALE,34.0,India,Hindi,Data Analysis,0.0,40.0,3.3,False,0.98
FL250585,Gregory Randall,MALE,47.0,United States,English,UI/UX Design,4.0,20.0,4.2,False,0.82
FL250586,Charles Martinez,MALE,32.0,Mexico,Spanish,UI/UX Design,9.0,40.0,1.3,True,0.83
FL250587,James Hall,MALE,28.0,United Kingdom,English,Mobile Apps,2.0,100.0,4.4,True,0.79
FL250588,Michael Garcia,MALE,32.0,Australia,English,DevOps,1.0,100.0,3.4,True,0.79
FL250589,Michele Duran,FEMALE,49.0,Netherlands,Dutch,AI,2.0,100.0,3.4,True,0.85
FL250590,Jessica Gray,FEMALE,36.0,Argentina,Spanish,Mobile Apps,16.0,20.0,3.2,False,0.79
FL250591,Keith Shaffer,MALE,59.0,Mexico,Spanish,Blockchain Development,22.0,20.0,3.6,False,0.63
FL250592,Jessica Decker,FEMALE,52.0,Canada,English,Cybersecurity,22.0,20.0,0.0,False,0.79
FL250593,Brianna Pittman,FEMALE,24.0,China,Mandarin,Blockchain Development,5.0,40.0,1.8,True,0.86
FL250594,Kimberly Hunter,FEMALE,26.0,Australia,English,Graphic Design,2.0,75.0,2.5,True,0.6
FL250595,Daniel Martin,MALE,55.0,Canada,English,Cybersecurity,24.0,40.0,2.0,True,0.88
FL250596,Rachel Smith,FEMALE,56.0,Italy,Italian,Mobile Apps,37.0,40.0,0.0,False,0.7
FL250597,Michael Miller,MALE,36.0,France,French,Graphic Design,3.0,50.0,1.3,True,0.77
FL250598,Willie Clark,MALE,48.0,Argentina,Spanish,Web Development,18.0,75.0,0.0,False,0.8
FL250599,Jeremy Hernandez,MALE,55.0,Egypt,Arabic,Machine Learning,6.0,40.0,3.6,True,0.79
FL250600,Tina Shelton,FEMALE,56.0,Spain,Spanish,DevOps,17.0,40.0,1.3,False,0.87
FL250601,Dr. Pamela Larson,FEMALE,28.0,Canada,English,Blockchain Development,1.0,75.0,2.7,True,0.93
FL250602,Ryan Ewing,MALE,60.0,United States,English,AI,39.0,100.0,1.5,False,0.88
FL250603,Mark Cochran,MALE,34.0,South Korea,Korean,Blockchain Development,15.0,20.0,0.0,False,1.0
FL250604,Martha Carson,FEMALE,38.0,Indonesia,Indonesian,AI,13.0,40.0,0.0,True,0.61
FL250605,Heather Jackson,FEMALE,51.0,South Korea,Korean,Web Development,17.0,100.0,3.0,False,0.79
FL250606,Megan Young,FEMALE,21.0,Japan,Japanese,Mobile Apps,1.0,30.0,1.2,False,0.73
FL250607,Thomas Davis,MALE,35.0,Italy,Italian,UI/UX Design,16.0,40.0,1.3,True,0.64
FL250608,Thomas Mooney,MALE,27.0,Brazil,Portuguese,Web Development,9.0,100.0,2.6,True,0.79
FL250609,Susan Smith,FEMALE,42.0,Turkey,Turkish,Mobile Apps,20.0,50.0,3.8,False,0.93
FL250610,Brianna Orr,FEMALE,52.0,Canada,English,Blockchain Development,29.0,30.0,3.8,False,0.68
FL250611,Dustin Smith,MALE,53.0,South Korea,Korean,Web Development,21.0,40.0,4.7,True,0.62
FL250612,Sarah White,FEMALE,54.0,Italy,Italian,Mobile Apps,28.0,40.0,1.1,False,0.79
FL250613,Michael Davis,MALE,51.0,Japan,Japanese,Graphic Design,5.0,50.0,4.2,True,0.82
FL250614,Jennifer Phillips,FEMALE,30.0,South Korea,Korean,Web Development,0.0,40.0,0.0,False,0.79
FL250615,Dana Sanders,FEMALE,45.0,Netherlands,Dutch,Machine Learning,27.0,75.0,0.0,False,0.85
FL250616,Daniel Quinn,MALE,57.0,Indonesia,Indonesian,Graphic Design,26.0,100.0,2.4,True,0.78
FL250617,Matthew Steele,MALE,38.0,Turkey,Turkish,Blockchain Development,19.0,40.0,0.0,True,0.86
FL250618,Michele Taylor,FEMALE,42.0,Russia,Russian,DevOps,24.0,40.0,2.6,False,0.88
FL250619,Ashley Hammond,FEMALE,30.0,South Africa,Afrikaans,DevOps,7.0,30.0,3.3,False,0.68
FL250620,Nicole Taylor,FEMALE,43.0,Australia,English,Web Development,13.0,100.0,1.4,True,0.97
FL250621,Casey Bush,MALE,22.0,Egypt,Arabic,UI/UX Design,2.0,75.0,1.7,False,0.91
FL250622,Samuel Patterson,MALE,57.0,Mexico,Spanish,Machine Learning,37.0,30.0,4.8,False,0.79
FL250623,Craig Dennis,MALE,44.0,United Kingdom,English,Graphic Design,1.0,40.0,4.8,False,0.97
FL250624,Heidi Dixon,FEMALE,46.0,China,Mandarin,DevOps,5.0,30.0,2.0,True,0.64
FL250625,David Bishop,MALE,41.0,Spain,Spanish,Blockchain Development,1.0,50.0,2.8,False,0.87
FL250626,Laura Butler,FEMALE,34.0,Australia,English,Data Analysis,2.0,100.0,0.0,False,0.86
FL250627,Denise Erickson,FEMALE,46.0,Italy,Italian,Mobile Apps,9.0,100.0,4.4,True,0.97
FL250628,Nicole Austin,FEMALE,22.0,France,French,Blockchain Development,0.0,30.0,4.9,False,0.73
FL250629,Summer Williams,FEMALE,23.0,South Africa,Afrikaans,AI,0.0,75.0,2.3,False,0.6
FL250630,Angela Blackwell,FEMALE,60.0,Turkey,Turkish,Web Development,41.0,40.0,4.9,True,0.66
FL250631,Thomas Wall,MALE,20.0,Canada,English,DevOps,9.0,75.0,4.3,False,0.9
FL250632,Sarah Anderson,FEMALE,41.0,South Korea,Korean,UI/UX Design,23.0,75.0,1.4,False,0.79
FL250633,Christian Lane,MALE,24.0,France,French,Mobile Apps,0.0,100.0,2.6,False,0.79
FL250634,Todd Casey,MALE,44.0,Netherlands,Dutch,Machine Learning,4.0,40.0,1.3,True,0.77
FL250635,David Martinez,MALE,52.0,China,Mandarin,UI/UX Design,4.0,75.0,2.3,True,0.79
FL250636,Donald Salas,MALE,35.0,Spain,Spanish,Machine Learning,13.0,40.0,3.6,False,0.83
FL250637,Emma Hicks,FEMALE,24.0,Netherlands,Dutch,DevOps,2.0,50.0,2.6,False,0.64
FL250638,Alison Clark,FEMALE,46.0,Australia,English,Cybersecurity,25.0,100.0,1.3,False,0.8
FL250639,Andrew Barnes,MALE,57.0,Mexico,Spanish,Mobile Apps,18.0,30.0,1.1,False,0.9
FL250640,Gina Snyder,FEMALE,49.0,Mexico,Spanish,Web Development,24.0,50.0,0.0,False,0.94
FL250641,David Watson,MALE,41.0,Japan,Japanese,AI,7.0,40.0,1.8,False,0.7
FL250642,John Davis,MALE,22.0,Mexico,Spanish,Machine Learning,1.0,20.0,2.6,True,0.75
FL250643,Joseph Thomas,MALE,50.0,Australia,English,Blockchain Development,17.0,75.0,3.3,True,0.69
FL250644,Dean Finley,MALE,57.0,Germany,German,Graphic Design,4.0,30.0,4.2,False,0.79
FL250645,Ashley Kemp,FEMALE,47.0,Mexico,Spanish,AI,29.0,50.0,2.6,True,0.79
FL250646,Kenneth Evans,MALE,24.0,South Africa,Afrikaans,Data Analysis,2.0,100.0,3.8,True,0.71
FL250647,Brandon Newman,MALE,41.0,India,Hindi,Cybersecurity,9.0,100.0,4.8,True,0.72
FL250648,Katie Hensley,FEMALE,50.0,Germany,German,DevOps,10.0,100.0,4.3,False,0.93
FL250649,Joel Randolph,MALE,46.0,Brazil,Portuguese,Machine Learning,20.0,40.0,4.8,True,0.82
FL250650,Andrew Scott,MALE,51.0,Australia,English,Cybersecurity,9.0,40.0,2.6,False,0.6
FL250651,Zachary Ochoa,MALE,51.0,United Kingdom,English,AI,12.0,20.0,4.0,False,0.93
FL250652,John Arroyo,MALE,27.0,United Kingdom,English,AI,3.0,50.0,2.6,False,0.79
FL250653,Matthew Fernandez,MALE,42.0,Spain,Spanish,Web Development,13.0,30.0,0.0,False,0.74
FL250654,Benjamin Stark,MALE,25.0,Germany,German,UI/UX Design,4.0,40.0,2.3,True,0.73
FL250655,Tammy Greer,FEMALE,32.0,Germany,German,Data Analysis,9.0,75.0,2.6,False,0.96
FL250656,Cynthia Mckinney,FEMALE,59.0,Canada,English,Graphic Design,14.0,30.0,3.8,False,0.66
FL250657,Wendy Rice,FEMALE,59.0,France,French,Cybersecurity,37.0,30.0,4.0,False,0.62
FL250658,Randy Bender,MALE,29.0,Germany,German,Graphic Design,2.0,75.0,2.2,True,0.85
FL250659,Richard Dominguez,MALE,58.0,China,Mandarin,AI,11.0,100.0,4.3,False,0.66
FL250660,Melissa Maldonado,FEMALE,56.0,Canada,English,Cybersecurity,19.0,20.0,0.0,False,0.87
FL250661,Leah Harris,FEMALE,36.0,United States,English,Machine Learning,9.0,20.0,0.0,True,0.68
FL250662,Lynn French,FEMALE,52.0,Canada,English,UI/UX Design,16.0,100.0,4.0,True,0.79
FL250663,Angela Johnson,FEMALE,42.0,Netherlands,Dutch,Mobile Apps,8.0,50.0,2.6,False,0.79
FL250664,Sarah Edwards,FEMALE,59.0,India,Hindi,Mobile Apps,34.0,100.0,2.0,True,0.79
FL250665,Roy Collins,MALE,33.0,Netherlands,Dutch,Mobile Apps,5.0,50.0,4.7,True,0.88
FL250666,Samantha Porter,FEMALE,55.0,Canada,English,Web Development,14.0,50.0,3.6,True,0.81
FL250667,Juan Elliott,MALE,47.0,South Korea,Korean,UI/UX Design,17.0,50.0,1.2,False,0.79
FL250668,Elizabeth Phillips,FEMALE,29.0,Mexico,Spanish,AI,10.0,40.0,4.4,True,0.67
FL250669,Laura Evans,FEMALE,30.0,United Kingdom,English,DevOps,8.0,100.0,1.4,True,0.62
FL250670,Amanda Mitchell,FEMALE,25.0,Canada,English,DevOps,1.0,30.0,3.2,False,0.87
FL250671,Sandra Williams,FEMALE,28.0,Egypt,Arabic,Cybersecurity,10.0,40.0,3.8,True,0.98
FL250672,Eric Johnson,MALE,29.0,South Korea,Korean,Blockchain Development,0.0,75.0,1.5,True,0.64
FL250673,Javier Hobbs,MALE,30.0,Spain,Spanish,Graphic Design,4.0,40.0,2.8,True,0.71
FL250674,Jacob Jones,MALE,47.0,Egypt,Arabic,AI,2.0,50.0,2.7,False,0.96
FL250675,Zachary Murphy,MALE,34.0,Australia,English,Blockchain Development,10.0,30.0,3.9,False,0.79
FL250676,Joshua Owens,MALE,45.0,United States,English,Graphic Design,16.0,100.0,4.6,False,0.78
FL250677,Dawn Mitchell,FEMALE,56.0,Spain,Spanish,Cybersecurity,27.0,20.0,2.2,False,0.7
FL250678,Regina Dunn,FEMALE,49.0,China,Mandarin,DevOps,20.0,50.0,2.5,False,0.82
FL250679,Ernest Cole,MALE,48.0,France,French,AI,10.0,40.0,3.1,False,0.79
FL250680,Hannah Sanders,FEMALE,29.0,South Korea,Korean,Graphic Design,0.0,20.0,2.6,True,0.99
FL250681,Ellen Bowman,FEMALE,49.0,Netherlands,Dutch,Web Development,11.0,75.0,3.8,True,0.93
FL250682,Nancy Moore,FEMALE,22.0,China,Mandarin,Blockchain Development,1.0,100.0,4.8,True,0.75
FL250683,Joseph Wood,MALE,52.0,Mexico,Spanish,Graphic Design,30.0,100.0,2.5,False,0.61
FL250684,Michael Harrell,MALE,60.0,Canada,English,Blockchain Development,7.0,30.0,0.0,False,0.97
FL250685,Connie Mcclain,FEMALE,33.0,Japan,Japanese,UI/UX Design,0.0,100.0,1.7,True,0.95
FL250686,Matthew Baldwin,MALE,52.0,South Korea,Korean,Graphic Design,21.0,40.0,4.0,False,0.69
FL250687,Danielle Nelson,FEMALE,25.0,Germany,German,DevOps,7.0,100.0,1.9,False,0.63
FL250688,Steven Moore,MALE,33.0,Japan,Japanese,Cybersecurity,9.0,30.0,4.4,True,0.65
FL250689,Megan Hudson,FEMALE,33.0,China,Mandarin,Mobile Apps,9.0,40.0,4.2,True,0.9
FL250690,Lisa Johnson,FEMALE,52.0,Canada,English,UI/UX Design,25.0,100.0,4.8,False,0.79
FL250691,Tracy White,FEMALE,20.0,Indonesia,Indonesian,Web Development,1.0,30.0,2.0,False,0.89
FL250692,Natalie Diaz,FEMALE,43.0,Russia,Russian,Data Analysis,7.0,50.0,2.6,True,0.8
FL250693,Amanda Mitchell,FEMALE,31.0,France,French,Mobile Apps,9.0,50.0,1.4,False,0.8
FL250694,Karen Scott,FEMALE,29.0,Germany,German,Data Analysis,6.0,100.0,1.8,False,0.79
FL250695,Mary Brown,FEMALE,53.0,South Africa,Afrikaans,Graphic Design,35.0,40.0,0.0,True,0.67
FL250696,Jon Jones,MALE,38.0,India,Hindi,Mobile Apps,1.0,40.0,0.0,False,0.96
FL250697,Jason Phillips,MALE,29.0,Spain,Spanish,Graphic Design,9.0,20.0,0.0,False,0.9
FL250698,Eric Walsh,MALE,42.0,South Korea,Korean,UI/UX Design,0.0,40.0,3.9,False,0.62
FL250699,Carol Schneider,FEMALE,54.0,United States,English,Machine Learning,9.0,100.0,2.6,False,0.72
FL250700,Juan Hines,MALE,56.0,China,Mandarin,UI/UX Design,18.0,50.0,4.4,True,0.83
FL250701,Martha Sweeney,FEMALE,47.0,Turkey,Turkish,Graphic Design,22.0,100.0,4.4,False,0.7
FL250702,Jason Weaver,MALE,45.0,Russia,Russian,Blockchain Development,25.0,50.0,0.0,False,0.99
FL250703,Benjamin Stevens,MALE,45.0,China,Mandarin,Data Analysis,6.0,50.0,1.4,False,0.97
FL250704,Daniel Lopez,MALE,35.0,Canada,English,Machine Learning,10.0,20.0,3.2,True,0.77
FL250705,John Simpson,MALE,51.0,Canada,English,DevOps,4.0,50.0,2.0,False,0.92
FL250706,Katrina Schultz,FEMALE,34.0,Spain,Spanish,Mobile Apps,11.0,50.0,3.3,True,0.76
FL250707,Danielle Bell,FEMALE,51.0,Indonesia,Indonesian,Graphic Design,1.0,50.0,0.0,True,0.97
FL250708,Jason Brady,MALE,58.0,Egypt,Arabic,Graphic Design,35.0,100.0,2.3,True,0.79
FL250709,Megan Bright,FEMALE,36.0,Netherlands,Dutch,Web Development,17.0,20.0,0.0,True,0.99
FL250710,David Griffin,MALE,41.0,Russia,Russian,AI,12.0,30.0,2.6,True,0.79
FL250711,Michael Clark,MALE,56.0,South Africa,Afrikaans,Machine Learning,30.0,40.0,3.3,True,0.82
FL250712,Rebecca Barker,FEMALE,58.0,Canada,English,Cybersecurity,20.0,75.0,3.6,True,0.78
FL250713,Angela Smith,FEMALE,58.0,United States,English,Cybersecurity,22.0,100.0,3.7,False,0.79
FL250714,Christina Wright,FEMALE,54.0,United Kingdom,English,AI,32.0,20.0,3.4,False,0.79
FL250715,Todd Turner,MALE,53.0,Australia,English,UI/UX Design,9.0,50.0,4.0,True,0.72
FL250716,Elizabeth Green,FEMALE,43.0,Australia,English,Web Development,22.0,40.0,4.5,False,0.79
FL250717,Alex Smith,MALE,44.0,South Korea,Korean,Machine Learning,1.0,75.0,4.3,True,0.79
FL250718,Shane Hale,MALE,34.0,Canada,English,Cybersecurity,4.0,75.0,4.0,True,0.79
FL250719,Kathy Grimes,FEMALE,27.0,Brazil,Portuguese,Mobile Apps,8.0,50.0,1.6,True,0.79
FL250720,David Cherry,MALE,50.0,Japan,Japanese,Data Analysis,3.0,100.0,0.0,True,0.79
FL250721,Rachel Rogers,FEMALE,52.0,South Korea,Korean,UI/UX Design,30.0,75.0,2.6,False,0.94
FL250722,Travis Braun,MALE,57.0,Spain,Spanish,Blockchain Development,11.0,20.0,4.9,True,0.79
FL250723,Shawna Palmer,FEMALE,53.0,Mexico,Spanish,DevOps,8.0,20.0,2.8,True,0.79
FL250724,Bradley Gaines,MALE,51.0,Turkey,Turkish,UI/UX Design,11.0,30.0,3.6,True,0.77
FL250725,April Ford,FEMALE,37.0,Canada,English,Cybersecurity,9.0,50.0,2.6,True,0.84
FL250726,James Gonzalez,MALE,40.0,Spain,Spanish,Web Development,7.0,40.0,4.5,False,0.79
FL250727,John Castillo,MALE,60.0,Japan,Japanese,Data Analysis,24.0,40.0,3.1,False,0.69
FL250728,Ian Hayes,MALE,60.0,France,French,UI/UX Design,0.0,40.0,4.9,True,0.68
FL250729,Christine Castro,FEMALE,53.0,South Korea,Korean,UI/UX Design,21.0,30.0,4.2,True,0.73
FL250730,Jessica Chaney,FEMALE,20.0,Mexico,Spanish,Blockchain Development,0.0,75.0,3.2,True,0.74
FL250731,John Gray,MALE,42.0,Russia,Russian,Web Development,7.0,20.0,2.6,False,1.0
FL250732,Shane Booker,MALE,21.0,United Kingdom,English,Mobile Apps,3.0,40.0,0.0,False,0.87
FL250733,Kyle Hall,MALE,39.0,Germany,German,Web Development,21.0,100.0,2.2,False,0.79
FL250734,Ronald Munoz,MALE,32.0,India,Hindi,Blockchain Development,9.0,30.0,1.5,False,0.68
FL250735,Christopher Long,MALE,35.0,Germany,German,Data Analysis,9.0,100.0,2.6,False,0.84
FL250736,Sandra Ali,FEMALE,35.0,France,French,UI/UX Design,17.0,50.0,3.1,False,0.71
FL250737,Jessica Garza,FEMALE,23.0,Argentina,Spanish,UI/UX Design,0.0,75.0,0.0,False,0.92
FL250738,Gregory Waters,MALE,26.0,Netherlands,Dutch,AI,6.0,100.0,2.6,False,0.69
FL250739,Misty Adams,FEMALE,34.0,Canada,English,Machine Learning,3.0,40.0,0.0,True,0.71
FL250740,Megan Brown,FEMALE,34.0,Germany,German,Blockchain Development,3.0,40.0,2.6,False,0.77
FL250741,Gregory Brown,MALE,57.0,Italy,Italian,Web Development,31.0,50.0,3.0,True,0.87
FL250742,Scott Alexander MD,MALE,46.0,Canada,English,Web Development,5.0,30.0,2.6,False,0.76
FL250743,Eric Nguyen,MALE,55.0,India,Hindi,AI,37.0,75.0,4.1,False,0.79
FL250744,Wendy Boyer,FEMALE,32.0,Australia,English,DevOps,10.0,50.0,1.5,False,0.65
FL250745,Mark Clark,MALE,53.0,Indonesia,Indonesian,AI,28.0,50.0,2.9,True,0.82
FL250746,Carl Kline,MALE,59.0,Mexico,Spanish,AI,0.0,100.0,0.0,True,0.87
FL250747,Linda Williams,FEMALE,44.0,Netherlands,Dutch,Machine Learning,19.0,40.0,4.9,False,1.0
FL250748,Jason Edwards,MALE,35.0,Egypt,Arabic,Blockchain Development,9.0,50.0,3.0,False,0.71
FL250749,Madison Mcintosh,FEMALE,42.0,China,Mandarin,Machine Learning,5.0,30.0,4.9,True,0.87
FL250750,Desiree Winters,FEMALE,58.0,South Korea,Korean,Blockchain Development,0.0,30.0,4.6,False,0.7
FL250751,Ryan Taylor,MALE,41.0,Netherlands,Dutch,AI,21.0,100.0,2.2,True,0.83
FL250752,Patricia Scott,FEMALE,41.0,Argentina,Spanish,Web Development,0.0,40.0,2.6,True,0.74
FL250753,Erin Jimenez,FEMALE,23.0,Canada,English,Blockchain Development,0.0,30.0,1.1,True,0.86
FL250754,Anthony Krause,MALE,51.0,China,Mandarin,Blockchain Development,17.0,40.0,4.5,True,0.72
FL250755,Diane Dean,FEMALE,42.0,France,French,AI,21.0,40.0,2.5,True,0.73
FL250756,Stuart Mckinney,MALE,26.0,Japan,Japanese,Data Analysis,7.0,75.0,2.9,False,0.78
FL250757,Kellie Le,FEMALE,49.0,Indonesia,Indonesian,AI,22.0,75.0,0.0,True,0.79
FL250758,Lauren Henry,FEMALE,37.0,Italy,Italian,DevOps,9.0,75.0,3.5,False,0.75
FL250759,Brandon Fox,MALE,31.0,Australia,English,AI,1.0,40.0,4.5,False,0.96
FL250760,Richard Smith,MALE,51.0,South Korea,Korean,Mobile Apps,5.0,40.0,1.7,True,0.61
FL250761,John White,MALE,60.0,China,Mandarin,DevOps,40.0,50.0,4.6,True,1.0
FL250762,Gilbert Mcintyre,MALE,51.0,Canada,English,Blockchain Development,19.0,50.0,2.6,True,0.82
FL250763,Christopher Sparks,MALE,37.0,Germany,German,Graphic Design,12.0,40.0,4.9,True,0.8
FL250764,Aaron Hicks,MALE,52.0,India,Hindi,Blockchain Development,7.0,40.0,2.2,False,0.96
FL250765,Jose Patterson,MALE,27.0,Indonesia,Indonesian,Blockchain Development,4.0,20.0,2.6,False,0.63
FL250766,Bryan Long,MALE,48.0,Australia,English,Graphic Design,24.0,40.0,2.2,False,0.67
FL250767,Tammy Gomez,FEMALE,22.0,Japan,Japanese,Data Analysis,1.0,30.0,3.3,True,0.61
FL250768,Diana Raymond,FEMALE,48.0,Germany,German,Mobile Apps,28.0,30.0,4.9,False,0.77
FL250769,Jessica Armstrong,FEMALE,54.0,United States,English,Mobile Apps,19.0,75.0,0.0,False,0.79
FL250770,Amanda Martin,FEMALE,52.0,South Korea,Korean,Data Analysis,4.0,50.0,2.6,False,0.84
FL250771,Anne Hamilton,FEMALE,39.0,Turkey,Turkish,Web Development,20.0,100.0,2.6,True,0.89
FL250772,Heather Curtis,FEMALE,54.0,Russia,Russian,Mobile Apps,19.0,30.0,4.0,False,0.9
FL250773,Tiffany Moses,FEMALE,22.0,United States,English,Cybersecurity,1.0,20.0,4.8,False,0.87
FL250774,Jacqueline Moon,FEMALE,29.0,South Africa,Afrikaans,Mobile Apps,8.0,50.0,0.0,False,0.77
FL250775,James Campbell,MALE,23.0,Spain,Spanish,DevOps,3.0,30.0,1.6,True,0.72
FL250776,Melissa Vasquez,FEMALE,58.0,Mexico,Spanish,DevOps,30.0,50.0,1.3,True,0.87
FL250777,Katherine Carlson,FEMALE,56.0,China,Mandarin,Blockchain Development,3.0,40.0,4.1,True,0.89
FL250778,Adam Clay,MALE,48.0,Turkey,Turkish,Web Development,19.0,40.0,1.5,False,0.87
FL250779,Amy Combs,FEMALE,31.0,Russia,Russian,Mobile Apps,11.0,40.0,4.3,True,0.76
FL250780,Anthony Case,MALE,44.0,Australia,English,Machine Learning,26.0,50.0,1.6,False,1.0
FL250781,Kimberly Brown,FEMALE,42.0,Egypt,Arabic,Mobile Apps,10.0,100.0,3.7,True,0.94
FL250782,Joshua Holloway,MALE,59.0,United States,English,Cybersecurity,17.0,50.0,1.4,True,0.79
FL250783,Cynthia Walton,FEMALE,41.0,Argentina,Spanish,Blockchain Development,9.0,100.0,4.5,True,0.83
FL250784,Shawn Delgado,MALE,21.0,China,Mandarin,Data Analysis,0.0,40.0,3.7,False,0.74
FL250785,Jeremy Smith,MALE,53.0,United Kingdom,English,DevOps,5.0,75.0,1.1,False,0.92
FL250786,Marc Ortiz,MALE,35.0,Argentina,Spanish,Mobile Apps,15.0,40.0,3.7,False,0.66
FL250787,Michelle Gregory,FEMALE,25.0,Brazil,Portuguese,Machine Learning,3.0,50.0,3.2,True,0.74
FL250788,Melanie Gay,FEMALE,23.0,Italy,Italian,UI/UX Design,1.0,30.0,5.0,False,0.97
FL250789,Brittany Lambert,FEMALE,56.0,Egypt,Arabic,Graphic Design,13.0,30.0,0.0,False,0.77
FL250790,Mary Hernandez,FEMALE,31.0,Mexico,Spanish,UI/UX Design,6.0,40.0,3.5,False,0.86
FL250791,Jonathan Jones,MALE,24.0,United States,English,Cybersecurity,4.0,50.0,3.1,False,0.95
FL250792,Gina Williams,FEMALE,35.0,Brazil,Portuguese,Cybersecurity,7.0,40.0,3.9,False,0.72
FL250793,Kelly Lawson,FEMALE,20.0,Spain,Spanish,AI,1.0,40.0,3.5,False,0.71
FL250794,Keith Smith,MALE,26.0,Australia,English,Data Analysis,5.0,100.0,2.5,True,0.93
FL250795,Christopher Hunter,MALE,54.0,United Kingdom,English,DevOps,29.0,40.0,3.1,True,0.79
FL250796,Dwayne Parks,MALE,53.0,Russia,Russian,Cybersecurity,12.0,100.0,4.7,True,0.87
FL250797,Mary Hall,FEMALE,33.0,Canada,English,DevOps,4.0,40.0,1.9,False,0.73
FL250798,Jake Gilmore,MALE,43.0,Netherlands,Dutch,Web Development,12.0,40.0,1.6,True,0.74
FL250799,Mark Lopez,MALE,37.0,Canada,English,DevOps,3.0,20.0,2.5,False,0.62
FL250800,Dana Rice,FEMALE,58.0,France,French,Data Analysis,15.0,20.0,3.5,False,0.98
FL250801,Beth Young,FEMALE,39.0,Spain,Spanish,Mobile Apps,15.0,50.0,2.6,False,0.8
FL250802,Ryan Powell,MALE,43.0,Turkey,Turkish,Graphic Design,13.0,20.0,1.2,True,0.69
FL250803,Amanda Fowler,FEMALE,40.0,Spain,Spanish,Blockchain Development,20.0,30.0,2.6,False,0.9
FL250804,Lindsay Rivera,FEMALE,51.0,United Kingdom,English,Machine Learning,30.0,75.0,2.6,True,0.74
FL250805,Mark Ward,MALE,23.0,Germany,German,AI,4.0,50.0,4.5,False,0.98
FL250806,Amanda Smith,FEMALE,31.0,Indonesia,Indonesian,Graphic Design,9.0,20.0,2.6,True,0.84
FL250807,Emily Brown,FEMALE,44.0,Russia,Russian,Web Development,3.0,20.0,5.0,True,0.75
FL250808,Dwayne Cardenas,MALE,56.0,Germany,German,Mobile Apps,23.0,75.0,3.9,True,0.79
FL250809,Dr. Rhonda Hernandez,FEMALE,48.0,Australia,English,Cybersecurity,5.0,100.0,1.8,True,0.97
FL250810,Melody Barker,FEMALE,46.0,Russia,Russian,Web Development,28.0,30.0,4.2,True,0.79
FL250811,Russell Carpenter,MALE,21.0,Egypt,Arabic,AI,0.0,20.0,2.6,False,0.64
FL250812,Richard Hill,MALE,52.0,Russia,Russian,Data Analysis,30.0,30.0,2.0,True,0.68
FL250813,Lindsay Potts,FEMALE,39.0,Russia,Russian,Graphic Design,20.0,75.0,2.7,True,0.67
FL250814,Michelle Campbell,FEMALE,31.0,Australia,English,Mobile Apps,0.0,30.0,2.3,False,0.79
FL250815,Alan Williams,MALE,22.0,South Korea,Korean,UI/UX Design,4.0,40.0,3.8,True,1.0
FL250816,Robin Hinton,FEMALE,38.0,United Kingdom,English,UI/UX Design,10.0,40.0,2.6,False,0.66
FL250817,Brian Holland,MALE,44.0,Argentina,Spanish,Graphic Design,24.0,75.0,4.6,False,0.97
FL250818,Adam Stone,MALE,53.0,Indonesia,Indonesian,Machine Learning,21.0,100.0,3.4,False,0.62
FL250819,Curtis Lambert,MALE,22.0,China,Mandarin,Data Analysis,2.0,20.0,2.6,False,0.79
FL250820,Alexandra Sims,FEMALE,40.0,India,Hindi,Blockchain Development,14.0,75.0,0.0,True,0.79
FL250821,Brenda Spencer,FEMALE,49.0,China,Mandarin,Mobile Apps,15.0,40.0,3.9,False,0.86
FL250822,Joshua Bush,MALE,30.0,Australia,English,UI/UX Design,11.0,30.0,4.2,False,0.65
FL250823,Erin Martin,FEMALE,37.0,Japan,Japanese,AI,6.0,20.0,2.6,False,0.99
FL250824,Alexander Hogan,MALE,21.0,Egypt,Arabic,Graphic Design,2.0,100.0,3.6,False,0.85
FL250825,William Harris,MALE,20.0,South Korea,Korean,AI,1.0,50.0,2.6,True,0.81
FL250826,Michael Mcmahon,MALE,20.0,China,Mandarin,Data Analysis,2.0,40.0,2.1,False,0.64
FL250827,Michael Watson,MALE,20.0,Argentina,Spanish,Machine Learning,2.0,20.0,3.9,False,0.84
FL250828,Lori Perez,FEMALE,26.0,Russia,Russian,Machine Learning,2.0,40.0,0.0,False,0.66
FL250829,Lindsay Le,FEMALE,50.0,South Korea,Korean,Web Development,12.0,75.0,0.0,False,0.75
FL250830,Scott Long,MALE,50.0,Spain,Spanish,AI,28.0,30.0,1.8,False,0.79
FL250831,Diana Ferguson,FEMALE,54.0,Indonesia,Indonesian,AI,4.0,20.0,1.1,True,0.63
FL250832,Joseph Miller,MALE,54.0,Spain,Spanish,Blockchain Development,3.0,20.0,1.6,True,0.7
FL250833,Julia Reid,FEMALE,34.0,Egypt,Arabic,Machine Learning,4.0,30.0,3.1,False,0.9
FL250834,Samantha Matthews,FEMALE,20.0,Italy,Italian,DevOps,1.0,50.0,3.4,True,0.79
FL250835,Brian Bailey,MALE,29.0,Germany,German,AI,8.0,40.0,3.1,False,0.6
FL250836,Toni Hinton,FEMALE,57.0,United Kingdom,English,DevOps,11.0,75.0,2.3,False,0.79
FL250837,Robin Ortiz,FEMALE,36.0,Netherlands,Dutch,AI,8.0,40.0,2.6,False,0.8
FL250838,Adam Griffith,MALE,51.0,South Korea,Korean,Web Development,32.0,50.0,3.2,False,0.88
FL250839,Daniel Roberson,MALE,44.0,India,Hindi,UI/UX Design,4.0,30.0,0.0,False,0.8
FL250840,Dale Haynes,MALE,58.0,Spain,Spanish,Cybersecurity,33.0,30.0,3.3,True,0.71
FL250841,Emily Scott,FEMALE,38.0,South Africa,Afrikaans,Mobile Apps,14.0,40.0,1.1,True,0.76
FL250842,David Brown,MALE,24.0,United States,English,UI/UX Design,6.0,30.0,4.6,True,0.93
FL250843,Stephanie Guzman,FEMALE,30.0,Turkey,Turkish,Blockchain Development,5.0,30.0,2.6,False,0.79
FL250844,Maxwell Johnson,MALE,25.0,Indonesia,Indonesian,Cybersecurity,3.0,75.0,2.6,False,0.83
FL250845,Reginald Stephens,MALE,54.0,Indonesia,Indonesian,Mobile Apps,17.0,100.0,0.0,False,0.71
FL250846,Justin Jones,MALE,54.0,Italy,Italian,Cybersecurity,9.0,20.0,0.0,True,0.96
FL250847,Kristine Garcia,FEMALE,53.0,France,French,Graphic Design,16.0,40.0,0.0,False,0.79
FL250848,John Nguyen,MALE,22.0,Russia,Russian,AI,3.0,75.0,3.4,True,0.65
FL250849,Anna Fleming,FEMALE,23.0,Mexico,Spanish,Data Analysis,2.0,20.0,1.3,False,0.79
FL250850,Linda Williamson,FEMALE,47.0,France,French,Cybersecurity,16.0,50.0,1.9,False,0.71
FL250851,Roy Wilson,MALE,24.0,France,French,Web Development,6.0,50.0,1.4,True,0.63
FL250852,Jennifer Pierce,FEMALE,57.0,India,Hindi,UI/UX Design,10.0,100.0,4.3,False,0.79
FL250853,Jason Johnson,MALE,48.0,Spain,Spanish,Graphic Design,16.0,30.0,2.6,False,0.97
FL250854,Jasmine Lane,FEMALE,21.0,Turkey,Turkish,UI/UX Design,0.0,100.0,4.3,False,0.79
FL250855,Evan Soto,MALE,33.0,Japan,Japanese,AI,13.0,75.0,0.0,True,0.79
FL250856,Kevin Serrano,MALE,41.0,Turkey,Turkish,DevOps,12.0,40.0,1.3,False,0.85
FL250857,Nathaniel Benson,MALE,40.0,Australia,English,Cybersecurity,13.0,50.0,2.9,False,0.82
FL250858,Deanna Miles,FEMALE,40.0,Mexico,Spanish,Graphic Design,22.0,40.0,4.3,False,0.95
FL250859,Beverly Roy,FEMALE,20.0,United States,English,Graphic Design,1.0,40.0,2.7,False,0.94
FL250860,Heather Saunders,FEMALE,42.0,Mexico,Spanish,Web Development,9.0,50.0,4.2,False,0.96
FL250861,Nicholas Guerrero,MALE,32.0,Canada,English,Blockchain Development,12.0,40.0,0.0,True,0.63
FL250862,Christopher Johnson,MALE,60.0,Japan,Japanese,AI,9.0,20.0,2.2,False,0.6
FL250863,Steven Flowers,MALE,46.0,Egypt,Arabic,Machine Learning,12.0,50.0,4.7,True,0.77
FL250864,Marvin Woods III,MALE,29.0,China,Mandarin,DevOps,0.0,30.0,0.0,False,0.63
FL250865,Michelle Cook,FEMALE,39.0,Brazil,Portuguese,Mobile Apps,18.0,20.0,2.5,True,0.61
FL250866,Logan Zamora,MALE,55.0,Russia,Russian,Mobile Apps,2.0,50.0,3.9,True,0.88
FL250867,Casey Roberts,MALE,55.0,Turkey,Turkish,Cybersecurity,9.0,100.0,1.2,True,0.69
FL250868,Jerry Price,MALE,40.0,Indonesia,Indonesian,Data Analysis,2.0,75.0,4.5,True,0.79
FL250869,Kelly Ellis,FEMALE,56.0,China,Mandarin,UI/UX Design,35.0,40.0,2.7,True,0.82
FL250870,Caleb Guerra,MALE,57.0,Mexico,Spanish,Mobile Apps,21.0,75.0,2.0,False,0.96
FL250871,Samantha Norman,FEMALE,56.0,Russia,Russian,DevOps,3.0,40.0,1.7,False,0.71
FL250872,Sarah Clarke,FEMALE,49.0,Germany,German,Mobile Apps,24.0,75.0,3.0,True,0.77
FL250873,Aaron Blair,MALE,26.0,Spain,Spanish,Blockchain Development,9.0,75.0,2.1,True,0.79
FL250874,Courtney Burton,FEMALE,36.0,South Korea,Korean,UI/UX Design,0.0,75.0,1.5,False,0.73
FL250875,Gerald Taylor,MALE,20.0,Russia,Russian,Web Development,2.0,30.0,1.7,True,0.6
FL250876,Mary Ward,FEMALE,40.0,Spain,Spanish,AI,9.0,40.0,1.2,True,0.67
FL250877,Mrs. Lisa Beard DVM,FEMALE,30.0,India,Hindi,Mobile Apps,6.0,75.0,0.0,False,0.8
FL250878,Larry Wallace,MALE,51.0,Australia,English,Graphic Design,21.0,20.0,2.6,True,0.79
FL250879,Jeremiah Thompson,MALE,46.0,United States,English,UI/UX Design,24.0,40.0,3.3,True,0.87
FL250880,Mrs. Jessica Williams DVM,FEMALE,25.0,South Korea,Korean,AI,6.0,20.0,2.1,False,0.79
FL250881,Martin Moreno,MALE,53.0,Netherlands,Dutch,Web Development,32.0,50.0,2.6,True,0.79
FL250882,Yolanda Proctor,FEMALE,50.0,Egypt,Arabic,Mobile Apps,31.0,100.0,2.9,True,0.89
FL250883,Allen Turner,MALE,45.0,South Korea,Korean,AI,9.0,20.0,3.3,True,0.93
FL250884,Beth Huff,FEMALE,48.0,Canada,English,Cybersecurity,24.0,100.0,4.8,True,0.84
FL250885,John Mckinney,MALE,30.0,Indonesia,Indonesian,DevOps,9.0,100.0,4.5,False,0.78
FL250886,Sarah Ho,FEMALE,33.0,Netherlands,Dutch,UI/UX Design,6.0,50.0,3.1,False,0.9
FL250887,Lindsey Wang,FEMALE,50.0,United Kingdom,English,DevOps,11.0,40.0,4.9,True,0.88
FL250888,Margaret Schwartz,FEMALE,24.0,Indonesia,Indonesian,Data Analysis,9.0,20.0,0.0,False,0.76
FL250889,Kyle Ray,MALE,38.0,Italy,Italian,Web Development,14.0,75.0,1.5,False,0.62
FL250890,Isaac Hebert,MALE,56.0,Japan,Japanese,DevOps,2.0,75.0,2.4,False,0.79
FL250891,Michele Jones,FEMALE,41.0,Russia,Russian,DevOps,2.0,100.0,4.5,False,0.75
FL250892,Austin Allen,MALE,41.0,Italy,Italian,UI/UX Design,11.0,100.0,2.5,True,0.8
FL250893,Haley Castro,FEMALE,42.0,Germany,German,Graphic Design,13.0,30.0,3.3,False,0.63
FL250894,David Armstrong,MALE,26.0,India,Hindi,Blockchain Development,7.0,75.0,3.0,False,0.84
FL250895,Wendy Mitchell,FEMALE,44.0,Canada,English,Cybersecurity,25.0,75.0,2.7,True,0.78
FL250896,Anthony Hernandez,MALE,46.0,Canada,English,Graphic Design,20.0,20.0,1.2,False,0.74
FL250897,Erica Johnson,FEMALE,36.0,United States,English,UI/UX Design,8.0,50.0,4.3,False,0.9
FL250898,Randall Barrett,MALE,26.0,Netherlands,Dutch,AI,6.0,40.0,1.3,False,0.79
FL250899,Nathan Huff,MALE,21.0,Germany,German,UI/UX Design,3.0,50.0,4.6,True,0.79
FL250900,Robin Walsh,FEMALE,39.0,Indonesia,Indonesian,UI/UX Design,18.0,50.0,2.1,False,0.75
FL250901,Yvonne Robinson,FEMALE,37.0,United States,English,Blockchain Development,18.0,40.0,4.5,False,0.72
FL250902,Kathleen Hendrix,FEMALE,47.0,Russia,Russian,UI/UX Design,3.0,40.0,4.4,True,0.92
FL250903,Jennifer Baker,FEMALE,53.0,Russia,Russian,Graphic Design,32.0,20.0,0.0,False,0.79
FL250904,Kim Martinez,FEMALE,53.0,Argentina,Spanish,Mobile Apps,19.0,20.0,1.3,False,0.79
FL250905,Andrew Little,MALE,21.0,India,Hindi,Data Analysis,2.0,50.0,2.6,False,0.86
FL250906,Kelly Shelton,FEMALE,35.0,United Kingdom,English,Blockchain Development,0.0,40.0,2.6,True,0.85
FL250907,Steven Duncan,MALE,31.0,Argentina,Spanish,Machine Learning,13.0,40.0,1.2,False,0.62
FL250908,Kristen Haney,FEMALE,55.0,South Korea,Korean,AI,2.0,30.0,3.1,True,0.91
FL250909,Kathy Reese,FEMALE,59.0,Turkey,Turkish,Web Development,11.0,75.0,2.3,True,0.8
FL250910,Steven Murphy,MALE,59.0,France,French,Cybersecurity,17.0,100.0,4.0,False,0.72
FL250911,William Hartman,MALE,47.0,India,Hindi,Blockchain Development,10.0,75.0,1.9,False,0.79
FL250912,Sonya Haley,FEMALE,53.0,South Africa,Afrikaans,Machine Learning,26.0,75.0,2.4,True,0.79
FL250913,Robert Evans,MALE,49.0,South Africa,Afrikaans,Data Analysis,9.0,30.0,2.6,True,0.74
FL250914,Patricia Richardson,FEMALE,50.0,South Africa,Afrikaans,Mobile Apps,8.0,50.0,3.7,True,0.82
FL250915,Carolyn Lopez,FEMALE,59.0,South Korea,Korean,Machine Learning,22.0,100.0,1.1,False,0.85
FL250916,Kyle Burns,MALE,33.0,Turkey,Turkish,Data Analysis,8.0,75.0,2.3,True,0.68
FL250917,Margaret Garcia,FEMALE,45.0,Canada,English,Web Development,22.0,40.0,3.7,True,0.99
FL250918,Brittany Barker,FEMALE,36.0,Italy,Italian,Graphic Design,14.0,30.0,1.9,False,0.62
FL250919,Paul Campbell,MALE,46.0,South Africa,Afrikaans,UI/UX Design,6.0,30.0,1.5,False,0.79
FL250920,Amy Morrow,FEMALE,53.0,Turkey,Turkish,Graphic Design,14.0,30.0,0.0,False,0.83
FL250921,Amy Fitzgerald,FEMALE,24.0,United States,English,Web Development,2.0,30.0,3.6,False,0.92
FL250922,Anita Becker,FEMALE,49.0,Spain,Spanish,DevOps,4.0,75.0,2.1,False,0.85
FL250923,Mrs. Amy Brooks,FEMALE,49.0,South Korea,Korean,AI,4.0,75.0,2.9,False,0.79
FL250924,Lori Marshall,FEMALE,49.0,South Korea,Korean,Mobile Apps,24.0,100.0,3.6,True,0.79
FL250925,Jennifer Miller,FEMALE,58.0,Brazil,Portuguese,Blockchain Development,29.0,30.0,3.3,True,0.89
FL250926,Thomas Young,MALE,50.0,South Africa,Afrikaans,UI/UX Design,13.0,40.0,2.5,True,0.81
FL250927,Zachary Larsen,MALE,27.0,South Africa,Afrikaans,DevOps,1.0,100.0,3.7,True,0.61
FL250928,Valerie Gutierrez,FEMALE,20.0,South Korea,Korean,Machine Learning,9.0,30.0,4.6,True,0.79
FL250929,Daniel Parker,MALE,52.0,Russia,Russian,Blockchain Development,15.0,40.0,0.0,True,0.92
FL250930,Nicole Bennett,FEMALE,22.0,France,French,Machine Learning,2.0,30.0,2.0,False,0.96
FL250931,Lauren Lowery,FEMALE,38.0,Turkey,Turkish,Web Development,14.0,100.0,1.7,False,0.66
FL250932,Alexander Woodward,MALE,21.0,Canada,English,Graphic Design,0.0,100.0,3.0,False,0.64
FL250933,Anthony Walter,MALE,41.0,Australia,English,AI,15.0,40.0,3.4,False,1.0
FL250934,Valerie Finley,FEMALE,33.0,Indonesia,Indonesian,Blockchain Development,6.0,40.0,3.2,True,0.95
FL250935,Deborah Kelley,FEMALE,38.0,Mexico,Spanish,Mobile Apps,11.0,40.0,2.8,False,0.91
FL250936,Kristina Miller,FEMALE,26.0,Russia,Russian,DevOps,8.0,20.0,4.1,True,0.82
FL250937,Anne Hampton,FEMALE,43.0,Netherlands,Dutch,AI,3.0,20.0,0.0,True,0.95
FL250938,Sandra Henry,FEMALE,21.0,Italy,Italian,Cybersecurity,0.0,40.0,0.0,True,0.95
FL250939,Tony Hester,MALE,47.0,South Korea,Korean,Mobile Apps,7.0,30.0,2.6,False,0.69
FL250940,Nathan Davis,MALE,35.0,Spain,Spanish,Graphic Design,6.0,40.0,2.6,True,0.91
FL250941,Erica Jackson,FEMALE,37.0,Indonesia,Indonesian,Mobile Apps,9.0,30.0,2.7,True,0.79
FL250942,Nancy Glover,FEMALE,38.0,Brazil,Portuguese,AI,15.0,40.0,4.0,False,0.62
FL250943,Richard Sanchez,MALE,40.0,Canada,English,Data Analysis,20.0,20.0,2.5,False,0.81
FL250944,Savannah Reid,FEMALE,46.0,Brazil,Portuguese,Data Analysis,16.0,75.0,0.0,False,0.94
FL250945,Robert Salazar,MALE,56.0,Egypt,Arabic,DevOps,22.0,30.0,2.6,False,0.95
FL250946,Hector Greer,MALE,24.0,Turkey,Turkish,Graphic Design,2.0,40.0,1.6,False,1.0
FL250947,Thomas Jackson,MALE,41.0,Mexico,Spanish,AI,1.0,75.0,0.0,True,0.94
FL250948,Tina Clark,FEMALE,38.0,Turkey,Turkish,Mobile Apps,8.0,30.0,4.0,True,0.92
FL250949,Heather Brown,FEMALE,28.0,France,French,DevOps,8.0,50.0,2.5,True,0.95
FL250950,John Weaver,MALE,25.0,Brazil,Portuguese,DevOps,7.0,20.0,3.8,False,0.97
FL250951,Bradley Harris,MALE,41.0,United Kingdom,English,DevOps,8.0,50.0,4.8,False,0.75
FL250952,Cassandra Macdonald,FEMALE,45.0,Mexico,Spanish,Data Analysis,6.0,40.0,2.0,True,0.78
FL250953,Matthew White,MALE,47.0,Turkey,Turkish,DevOps,16.0,100.0,3.3,False,0.65
FL250954,Miss Kimberly Marshall,FEMALE,59.0,United Kingdom,English,Data Analysis,40.0,40.0,2.5,True,0.7
FL250955,Laura Thompson,FEMALE,25.0,Canada,English,Blockchain Development,6.0,100.0,2.6,True,0.78
FL250956,Nathan Soto,MALE,27.0,Australia,English,Web Development,3.0,50.0,2.6,True,0.96
FL250957,Rhonda Hines,FEMALE,57.0,Australia,English,AI,5.0,100.0,0.0,True,0.8
FL250958,Gabrielle Bowman,FEMALE,34.0,Turkey,Turkish,UI/UX Design,12.0,20.0,1.6,True,0.64
FL250959,Julian Edwards,MALE,55.0,France,French,UI/UX Design,33.0,50.0,0.0,False,0.92
FL250960,Nicholas Scott,MALE,21.0,Egypt,Arabic,Blockchain Development,1.0,100.0,0.0,True,0.79
FL250961,Daniel Green,MALE,53.0,Netherlands,Dutch,DevOps,27.0,20.0,4.7,True,0.71
FL250962,Catherine Johnston,FEMALE,21.0,Germany,German,UI/UX Design,1.0,100.0,0.0,True,0.95
FL250963,Brenda Koch,FEMALE,36.0,Brazil,Portuguese,Web Development,9.0,20.0,4.1,False,0.86
FL250964,Mr. Robert Meza,MALE,40.0,Germany,German,AI,2.0,30.0,1.3,True,0.77
FL250965,Latoya Brown,FEMALE,59.0,United Kingdom,English,UI/UX Design,40.0,100.0,2.6,False,0.79
FL250966,David Osborne III,MALE,45.0,Netherlands,Dutch,Cybersecurity,4.0,20.0,2.7,False,0.72
FL250967,David Hooper,MALE,44.0,South Korea,Korean,Machine Learning,9.0,40.0,2.6,False,0.7
FL250968,Sarah Miller,FEMALE,36.0,United Kingdom,English,Cybersecurity,13.0,30.0,3.6,False,0.86
FL250969,Lisa Werner MD,FEMALE,26.0,India,Hindi,Graphic Design,1.0,75.0,3.0,True,0.79
FL250970,Eric Jimenez,MALE,49.0,India,Hindi,Web Development,1.0,40.0,0.0,False,0.82
FL250971,Jay Bush,MALE,29.0,France,French,Mobile Apps,3.0,40.0,0.0,True,0.81
FL250972,Johnny Rice,MALE,32.0,France,French,Graphic Design,1.0,40.0,3.1,True,0.76
FL250973,Matthew Strong,MALE,24.0,Indonesia,Indonesian,Blockchain Development,3.0,30.0,3.9,False,0.9
FL250974,Mark Chandler,MALE,35.0,South Korea,Korean,DevOps,14.0,30.0,1.6,True,0.67
FL250975,Crystal Brown,FEMALE,43.0,Spain,Spanish,Blockchain Development,2.0,40.0,1.8,False,0.61
FL250976,Timothy Barton,MALE,53.0,South Korea,Korean,Machine Learning,27.0,100.0,3.7,False,0.73
FL250977,Lisa Hickman,FEMALE,38.0,Russia,Russian,DevOps,7.0,75.0,2.6,False,0.79
FL250978,Alan Mendoza,MALE,57.0,United Kingdom,English,Cybersecurity,29.0,75.0,4.1,False,0.9
FL250979,Jason Sanders,MALE,27.0,China,Mandarin,Blockchain Development,5.0,75.0,1.4,True,0.64
FL250980,Charles Dean,MALE,43.0,Argentina,Spanish,Web Development,2.0,100.0,1.1,True,0.63
FL250981,Blake Newton,MALE,48.0,Canada,English,Data Analysis,18.0,40.0,3.9,False,0.79
FL250982,David Gonzalez,MALE,26.0,Brazil,Portuguese,Cybersecurity,8.0,20.0,3.6,False,0.67
FL250983,Cindy Williams,FEMALE,41.0,South Africa,Afrikaans,Graphic Design,0.0,40.0,0.0,False,0.97
FL250984,Laura Wong DDS,FEMALE,50.0,Italy,Italian,Data Analysis,16.0,75.0,4.5,False,0.69
FL250985,Robert Moran,MALE,48.0,South Africa,Afrikaans,Web Development,8.0,50.0,2.6,True,0.73
FL250986,Bradley Wu,MALE,60.0,Spain,Spanish,Blockchain Development,39.0,20.0,1.4,True,0.86
FL250987,Daniel Thomas,MALE,26.0,Egypt,Arabic,Machine Learning,9.0,50.0,0.0,True,0.81
FL250988,Michelle Peterson,FEMALE,35.0,South Korea,Korean,Graphic Design,16.0,100.0,4.3,True,0.74
FL250989,Seth Thomas,MALE,23.0,United States,English,Blockchain Development,4.0,100.0,2.2,True,0.64
FL250990,Evan Ramos,MALE,37.0,Australia,English,Graphic Design,4.0,75.0,3.2,False,0.76
FL250991,Michelle Solis,FEMALE,21.0,Argentina,Spanish,AI,2.0,100.0,3.7,True,0.73
FL250992,Charlotte Taylor,FEMALE,58.0,Germany,German,UI/UX Design,37.0,50.0,4.9,False,0.69
FL250993,Sandra Preston,FEMALE,52.0,Indonesia,Indonesian,Mobile Apps,32.0,75.0,3.2,False,0.79
FL250994,Jim Weiss,MALE,46.0,Russia,Russian,Mobile Apps,8.0,20.0,2.2,False,0.89
FL250995,Jennifer Hinton,FEMALE,34.0,South Africa,Afrikaans,DevOps,8.0,30.0,3.9,True,0.95
FL250996,Albert Wilcox,MALE,56.0,Turkey,Turkish,DevOps,13.0,100.0,0.0,False,0.68
FL250997,Cheryl Norris,FEMALE,26.0,Germany,German,Blockchain Development,6.0,40.0,2.8,False,0.82
FL250998,Kathy Watkins,FEMALE,37.0,Japan,Japanese,Data Analysis,15.0,75.0,2.6,False,0.94
FL250999,John Obrien,MALE,46.0,Russia,Russian,Machine Learning,22.0,100.0,2.8,True,0.97
FL251000,Dawn Green,FEMALE,36.0,Mexico,Spanish,UI/UX Design,18.0,20.0,1.7,True,0.72
