freelancer_ID,name,gender,GENDER,AGE,age,country,language,primary_skill,years_of_experience,YOE,hourly_rate (USD),rating,RATING,is_active,Active_Status,client_satisfaction,,is_active
FL250001,Ms. Nicole Kidd,f,FEMALE,52,52,Italy,Italian,Blockchain Development,11,11,100,,2.6,0,,,,0
FL250002,Vanessa Garcia,FEMALE,FEMALE,52,52,Australia,English,Mobile Apps,34,34,USD 100,3.3,3.3,1,,84%,,1
FL250003,Juan Nelson,male,MALE,53,53,Germany,German,Graphic Design,31,31,50,0,0,N,,71%,,N
FL250004,Amanda Spencer,F,FEMALE,38,38,Australia,English,Web Development,4,4,$40,1.5,1.5,N,,90%,,FALSE
FL250005,Lynn Curtis DDS,female,FEMALE,53,53,Germany,German,Web Development,27,27,30,4.8,4.8,0,,83%,,TRUE
FL250006,Lisa Johnson,female,FEMALE,59,59,Netherlands,Dutch,AI,14,14,$30,2.4,2.4,FALSE,,,,yes
FL250007,Eric Myers,m,MALE,52,52,Indonesia,Indonesian,Data Analysis,10,10,USD 75,3.1,3.1,0,,94%,,Y
FL250008,Ricky Graham,male,MALE,43,43,Italy,Italian,Blockchain Development,14,14,USD 40,4.6,4.6,FALSE,,94%,,
FL250009,Sean Martin,male,MALE,26,26,United States,English,Blockchain Development,4,4,,4,4,TRUE,,76%,,no
FL250010,Matthew Lloyd,MALE,MALE,52,52,Turkey,Turkish,AI,22,22,$50,,2.6,1,,,,
FL250011,Gavin Randall,m,MALE,40,40,United Kingdom,English,Data Analysis,17,17,40,3.6,3.6,yes,,77%,,
FL250012,Michelle Curtis,FEMALE,FEMALE,55,55,Argentina,Spanish,UI/UX Design,15,15,,,2.6,Y,,86%,,
FL250013,Alice Schneider,Female,FEMALE,57,57,United Kingdom,English,Cybersecurity,18,18,,2,2,0,,86%,,
FL250014,Phillip Shelton,MALE,MALE,38,38,Argentina,Spanish,Graphic Design,20,20,USD 75,2.9,2.9,1,,93%,,
FL250015,Edward Ferguson,MALE,MALE,50,50,Germany,German,Data Analysis,22,22,75,3.7,3.7,1,,70%,,
FL250016,Wyatt Stout,m,MALE,42,42,Japan,Japanese,Data Analysis,0,0,$30,1.2,1.2,0,,69%,,
FL250017,Laura Johnson,Female,FEMALE,39,39,Australia,English,DevOps,13,13,$30,2.5,2.5,FALSE,,60%,,
FL250018,Scott Burns,M,MALE,56,56,India,Hindi,Blockchain Development,,9,,,2.6,,,87%,,
FL250019,Tyler Aguirre,Male,MALE,56,56,United States,English,UI/UX Design,31,31,USD 50,1.1,1.1,N,,75%,,
FL250020,Matthew Lawson,Male,MALE,57,57,Italy,Italian,Web Development,3,3,USD 100,1.8,1.8,yes,,68%,,
FL250021,James Cherry,Male,MALE,41,,Indonesia,Indonesian,AI,9,9,50,1.8,1.8,FALSE,,65%,,
FL250022,Samuel Sanford,m,MALE,51,51,Japan,Japanese,DevOps,,9,,2.4,2.4,N,,69%,,
FL250023,Cesar Greene,m,MALE,51,51,Brazil,Portuguese,Cybersecurity,21,21,USD 30,4.7,4.7,N,,,,
FL250024,Melanie Carter,female,FEMALE,51,51,South Korea,Korean,Machine Learning,15,15,$50,1.3,1.3,1,,100%,,
FL250025,Jennifer Martin,f,FEMALE,54,54,Indonesia,Indonesian,Machine Learning,13,13,75,2.9,2.9,,,92,,
FL250026,Anna Mccann,FEMALE,FEMALE,22,22,South Korea,Korean,DevOps,0,0,USD 30,1.2,1.2,1,,70%,,
FL250027,Marissa Bass,female,FEMALE,34,34,Japan,Japanese,Blockchain Development,8,8,$20,0,0,TRUE,,89%,,
FL250028,Alexis Day,Female,FEMALE,36,36,Russia,Russian,Graphic Design,11,11,,1.8,1.8,Y,,86%,,
FL250029,Megan Jones,female,FEMALE,47,47,Canada,English,AI,22,22,30,1.3,1.3,0,,62%,,
FL250030,Lori Smith,FEMALE,FEMALE,41,41,Netherlands,Dutch,Data Analysis,14,14,USD 75,1.2,1.2,0,,,,
FL250031,Eric Carpenter,Male,MALE,22,22,Netherlands,Dutch,DevOps,4,4,,1,1,yes,,,,
FL250032,Timothy Daniels,Male,MALE,38,38,France,French,Machine Learning,19,19,USD 100,4.2,4.2,N,,68%,,
FL250033,Robert Nelson,M,MALE,46,46,Egypt,Arabic,AI,9,9,20,1.4,1.4,TRUE,,76%,,
FL250034,Michael Anderson,male,MALE,41,,South Korea,Korean,AI,9,9,40,2.4,2.4,yes,,82,,
FL250035,Jessica Snyder,FEMALE,FEMALE,54,54,United States,English,Web Development,32,32,75,1,1,yes,,81%,,
FL250036,Emily Daniels,female,FEMALE,52,52,South Korea,Korean,Web Development,28,28,$20,,2.6,0,,,,
FL250037,Jamie Ramirez,f,FEMALE,42,42,Japan,Japanese,Mobile Apps,6,6,40,,2.6,0,,63%,,
FL250038,Amy Harrison,F,FEMALE,29,29,Netherlands,Dutch,Graphic Design,10,10,40,2.2,2.2,N,,67%,,
FL250039,Melinda White,F,FEMALE,42,42,South Africa,Afrikaans,Mobile Apps,23,23,50,3.2,3.2,yes,,,,
FL250040,James Hernandez,Male,MALE,60,60,Japan,Japanese,Web Development,13,13,$20,3.6,3.6,0,,80%,,
FL250041,Angelica Rogers,Female,FEMALE,59,59,United Kingdom,English,AI,3,3,USD 50,0,0,no,,,,
FL250042,Savannah Williams,Female,FEMALE,21,21,Canada,English,Web Development,0,0,30,2.7,2.7,1,,84%,,
FL250043,Kaitlyn Schmidt,Female,FEMALE,35,35,Germany,German,DevOps,10,10,$50,0,0,no,,,,
FL250044,Jason Singh,male,MALE,41,41,United Kingdom,English,Data Analysis,,9,20,2.8,2.8,TRUE,,63%,,
FL250045,Michelle Ramirez,Female,FEMALE,51,51,Netherlands,Dutch,Machine Learning,23,23,20,2.5,2.5,FALSE,,80%,,
FL250046,James Brown,male,MALE,41,41,South Africa,Afrikaans,Web Development,9,9,$75,4.9,4.9,1,,74%,,
FL250047,Mrs. Samantha Simmons,Female,FEMALE,47,47,Egypt,Arabic,DevOps,15,15,USD 30,4.5,4.5,1,,85%,,
FL250048,Chase Mason,male,MALE,25,25,China,Mandarin,Graphic Design,4,4,50,2.7,2.7,N,,77%,,
FL250049,Dominique Ward,F,FEMALE,25,25,Mexico,Spanish,Mobile Apps,7,7,20,1.9,1.9,0,,,,
FL250050,Lance Griffin,m,MALE,29,29,Netherlands,Dutch,UI/UX Design,1,1,20,1.4,1.4,1,,63%,,
FL250051,Julie Burgess,FEMALE,FEMALE,23,23,Argentina,Spanish,Cybersecurity,0,0,75,1.9,1.9,TRUE,,79%,,
FL250052,Don Scott,male,MALE,31,31,France,French,Data Analysis,8,8,50,3.4,3.4,0,,,,
FL250053,Kyle Atkinson,Male,MALE,51,51,Germany,German,Machine Learning,33,33,75,3.3,3.3,,,68%,,
FL250054,Jimmy Hogan,m,MALE,41,,Spain,Spanish,UI/UX Design,1,1,30,0,0,0,,68%,,
FL250055,Jennifer Mcintyre,f,FEMALE,29,29,Turkey,Turkish,Cybersecurity,11,11,100,2.3,2.3,TRUE,,72%,,
FL250056,Larry Simpson,m,MALE,50,50,United Kingdom,English,AI,15,15,,2,2,yes,,65%,,
FL250057,Laura Price,f,FEMALE,26,26,United Kingdom,English,DevOps,8,8,50,1.3,1.3,FALSE,,76%,,
FL250058,Mark Wright,Male,MALE,38,38,Canada,English,AI,17,17,USD 40,4,4,TRUE,,90%,,
FL250059,Samantha Mcdaniel,FEMALE,FEMALE,23,23,India,Hindi,Mobile Apps,,9,75,3.6,3.6,1,,65%,,
FL250060,Barbara Foster,Female,FEMALE,51,51,South Africa,Afrikaans,DevOps,28,28,40,3.9,3.9,0,,63%,,
FL250061,Courtney Tran,F,FEMALE,51,51,Indonesia,Indonesian,AI,33,33,$75,0,0,TRUE,,,,
FL250062,Eddie Todd,Male,MALE,47,47,Germany,German,AI,18,18,75,0,0,0,,,,
FL250063,Christine Johnson,Female,FEMALE,34,34,Russia,Russian,UI/UX Design,16,16,$20,2.3,2.3,yes,,93%,,
FL250064,Leah Phelps,f,FEMALE,58,58,Indonesia,Indonesian,Data Analysis,35,35,USD 50,4.7,4.7,no,,70%,,
FL250065,Rebekah Williams,F,FEMALE,50,50,Russia,Russian,AI,14,14,,3.5,3.5,Y,,83%,,
FL250066,Crystal Wilson,FEMALE,FEMALE,34,34,Spain,Spanish,Web Development,12,12,40,2.4,2.4,1,,64,,
FL250067,Ashley Cordova,Female,FEMALE,45,45,Brazil,Portuguese,AI,11,11,USD 75,4,4,N,,100%,,
FL250068,Vicki Kelly,FEMALE,FEMALE,55,55,Brazil,Portuguese,Web Development,0,0,$40,0,0,TRUE,,,,
FL250069,Corey Warren,m,MALE,41,,Argentina,Spanish,UI/UX Design,6,6,100,1.5,1.5,FALSE,,,,
FL250070,Gina Thompson,FEMALE,FEMALE,60,60,China,Mandarin,UI/UX Design,38,38,$20,2,2,no,,71%,,
FL250071,Yvonne Berg,f,FEMALE,33,33,South Africa,Afrikaans,Mobile Apps,11,11,,,2.6,yes,,84%,,
FL250072,Thomas Miller,M,MALE,60,60,Italy,Italian,DevOps,13,13,USD 50,1,1,FALSE,,,,
FL250073,Nicholas Burton,MALE,MALE,40,40,United States,English,Web Development,9,9,$100,4.5,4.5,yes,,69%,,
FL250074,Jorge Riley,Male,MALE,59,59,Australia,English,Blockchain Development,4,4,,1.9,1.9,FALSE,,88,,
FL250075,Melvin Harris,M,MALE,36,36,Italy,Italian,Machine Learning,14,14,$100,3.7,3.7,0,,,,
FL250076,Jeremy Meyer,Male,MALE,32,32,India,Hindi,Data Analysis,,9,30,1.9,1.9,TRUE,,96%,,
FL250077,Timothy Lee,male,MALE,59,59,Australia,English,AI,9,9,USD 75,4,4,1,,96,,
FL250078,Diana Bautista,F,FEMALE,54,54,Spain,Spanish,DevOps,32,32,USD 40,1.8,1.8,N,,,,
FL250079,Leslie Rodriguez,f,FEMALE,37,37,Canada,English,Graphic Design,9,9,,0,0,1,,89%,,
FL250080,Noah Wiggins,MALE,MALE,54,54,India,Hindi,Machine Learning,21,21,$100,4.6,4.6,FALSE,,,,
FL250081,Bridget Williams,Female,FEMALE,33,33,Argentina,Spanish,UI/UX Design,12,12,100,3.6,3.6,0,,63%,,
FL250082,Veronica Baker,f,FEMALE,25,25,Egypt,Arabic,Web Development,7,7,USD 40,4.4,4.4,,,81,,
FL250083,Andrew Avila,Male,MALE,41,,China,Mandarin,DevOps,3,3,40,4.6,4.6,N,,74%,,
FL250084,Michael Roberson,male,MALE,35,35,South Korea,Korean,Web Development,5,5,$75,3.2,3.2,FALSE,,72%,,
FL250085,Austin Jenkins,Male,MALE,59,59,South Korea,Korean,AI,30,30,$40,0,0,TRUE,,,,
FL250086,Brenda Green,female,FEMALE,21,21,China,Mandarin,DevOps,2,2,100,2.6,2.6,Y,,85%,,
FL250087,Samuel Pierce,M,MALE,25,25,United States,English,Mobile Apps,2,2,$75,3.7,3.7,N,,,,
FL250088,Briana Smith,f,FEMALE,38,38,Mexico,Spanish,Web Development,19,19,75,2.3,2.3,FALSE,,61%,,
FL250089,Ronald Barrett,Male,MALE,57,57,Russia,Russian,AI,16,16,100,3.1,3.1,FALSE,,,,
FL250090,Matthew Smith,m,MALE,32,32,India,Hindi,Mobile Apps,10,10,$20,2.4,2.4,0,,86%,,
FL250091,Logan Huang,male,MALE,21,21,Italy,Italian,DevOps,2,2,USD 100,1.6,1.6,yes,,97%,,
FL250092,Miranda Hutchinson,Female,FEMALE,57,57,Canada,English,Cybersecurity,18,18,50,2.4,2.4,1,,63%,,
FL250093,Paul Richardson,male,MALE,53,53,China,Mandarin,UI/UX Design,21,21,USD 100,,2.6,Y,,97%,,
FL250094,Jose Jones,M,MALE,35,35,Russia,Russian,Blockchain Development,3,3,USD 30,3.8,3.8,yes,,81%,,
FL250095,Denise Smith,f,FEMALE,54,54,China,Mandarin,Machine Learning,17,17,20,1.7,1.7,0,,69%,,
FL250096,Shelby Mcmahon,FEMALE,FEMALE,36,36,Italy,Italian,UI/UX Design,0,0,20,1.3,1.3,Y,,64%,,
FL250097,Bethany Wright,f,FEMALE,49,49,Spain,Spanish,Cybersecurity,25,25,50,5,5,N,,77%,,
FL250098,David Ortiz,Male,MALE,37,37,United States,English,Blockchain Development,17,17,20,3.3,3.3,0,,96,,
FL250099,Andrew Lynch,MALE,MALE,41,,United States,English,UI/UX Design,5,5,$20,1.1,1.1,no,,74%,,
FL250100,Kristopher Meyers,m,MALE,32,32,Egypt,Arabic,UI/UX Design,10,10,50,1.2,1.2,FALSE,,89%,,
FL250101,Thomas Roth,m,MALE,35,35,India,Hindi,Mobile Apps,0,0,,2,2,1,,64%,,
FL250102,Vicki Brown,f,FEMALE,51,51,Russia,Russian,Graphic Design,2,2,$30,4.5,4.5,0,,64,,
FL250103,Stacy Sutton,f,FEMALE,50,50,Russia,Russian,DevOps,30,30,100,3,3,1,,73%,,
FL250104,Kimberly Holland,f,FEMALE,21,21,Turkey,Turkish,Blockchain Development,2,2,$50,4.9,4.9,yes,,68%,,
FL250105,Travis Richardson,MALE,MALE,25,25,United States,English,Graphic Design,3,3,$30,,2.6,no,,88%,,
FL250106,Jasmin Ho,FEMALE,FEMALE,57,57,France,French,DevOps,21,21,$40,2.5,2.5,0,,77%,,
FL250107,Mark Paul,m,MALE,58,58,Russia,Russian,Blockchain Development,3,3,,0,0,1,,,,
FL250108,Jennifer Lewis,F,FEMALE,45,45,Indonesia,Indonesian,Mobile Apps,19,19,40,,2.6,1,,72%,,
FL250109,Elizabeth Lester,F,FEMALE,23,23,United States,English,Web Development,0,0,20,4.7,4.7,Y,,60%,,
FL250110,Kimberly Griffin,FEMALE,FEMALE,46,46,United States,English,AI,9,9,$30,3.5,3.5,,,72,,
FL250111,Tyler Warner,MALE,MALE,27,27,Argentina,Spanish,UI/UX Design,5,5,30,,2.6,N,,92%,,
FL250112,Jane Cox,FEMALE,FEMALE,32,32,United States,English,Machine Learning,6,6,USD 50,3.4,3.4,1,,,,
FL250113,Leah Williams,f,FEMALE,48,48,Argentina,Spanish,Machine Learning,6,6,USD 75,2.5,2.5,,,92%,,
FL250114,Kevin Wong,male,MALE,30,30,Turkey,Turkish,Mobile Apps,3,3,$30,1.1,1.1,TRUE,,,,
FL250115,Robert Andrews,Male,MALE,59,59,Turkey,Turkish,AI,13,13,USD 20,4.8,4.8,,,,,
FL250116,Jessica Torres,female,FEMALE,32,32,Mexico,Spanish,AI,5,5,$30,,2.6,0,,86%,,
FL250117,Teresa Kim,Female,FEMALE,57,57,Egypt,Arabic,UI/UX Design,4,4,USD 40,3.4,3.4,1,,68%,,
FL250118,Jon Morgan,MALE,MALE,27,27,Australia,English,Machine Learning,7,7,USD 20,3.2,3.2,1,,62%,,
FL250119,Gloria Chaney,F,FEMALE,33,33,Indonesia,Indonesian,Machine Learning,13,13,20,3.2,3.2,FALSE,,,,
FL250120,Jesse Campbell,male,MALE,29,29,South Korea,Korean,Data Analysis,4,4,30,0,0,Y,,82%,,
FL250121,Allison Tucker MD,female,FEMALE,36,36,Indonesia,Indonesian,UI/UX Design,13,13,75,,2.6,1,,,,
FL250122,Candice Petersen,Female,FEMALE,47,47,Italy,Italian,DevOps,5,5,$40,3.7,3.7,FALSE,,93,,
FL250123,Christopher Nichols,MALE,MALE,48,48,Canada,English,Machine Learning,15,15,USD 50,1,1,Y,,64%,,
FL250124,Debra Garcia,f,FEMALE,27,27,China,Mandarin,UI/UX Design,8,8,$50,0,0,,,,,
FL250125,Andrew Fuentes,male,MALE,34,34,Australia,English,Web Development,10,10,,1.7,1.7,N,,96%,,
FL250126,Jason Carter,Male,MALE,49,49,South Korea,Korean,Data Analysis,19,19,,5,5,Y,,83%,,
FL250127,Austin Romero,male,MALE,30,30,Brazil,Portuguese,Mobile Apps,10,10,$100,1.7,1.7,yes,,64%,,
FL250128,Clayton Burns,male,MALE,31,31,Egypt,Arabic,Graphic Design,8,8,40,4.4,4.4,0,,70%,,
FL250129,Jonathan Clark,m,MALE,58,58,China,Mandarin,Machine Learning,9,9,20,0,0,N,,65%,,
FL250130,Alexander Griffin,Male,MALE,47,47,France,French,Machine Learning,13,13,40,3.4,3.4,,,67%,,
FL250131,Shelly Whitehead,f,FEMALE,45,45,United Kingdom,English,Cybersecurity,14,14,USD 100,1.1,1.1,no,,93,,
FL250132,Kaitlyn Davis,FEMALE,FEMALE,57,57,France,French,Machine Learning,0,0,50,1.6,1.6,N,,60%,,
FL250133,Christopher Jones,MALE,MALE,50,50,India,Hindi,Web Development,22,22,100,4.1,4.1,N,,62%,,
FL250134,Cindy Jacobs,FEMALE,FEMALE,41,,Brazil,Portuguese,Machine Learning,4,4,,2.5,2.5,,,70%,,
FL250135,Penny Day,Female,FEMALE,45,45,Indonesia,Indonesian,Blockchain Development,22,22,$100,4,4,Y,,75%,,
FL250136,Thomas Ingram,MALE,MALE,60,60,South Africa,Afrikaans,Cybersecurity,39,39,75,1.4,1.4,no,,70%,,
FL250137,Donna Hansen,female,FEMALE,43,43,United Kingdom,English,Cybersecurity,5,5,USD 50,,2.6,1,,84%,,
FL250138,Donna Bailey,F,FEMALE,39,39,France,French,Cybersecurity,5,5,USD 40,1.2,1.2,0,,83,,
FL250139,Joshua Armstrong,male,MALE,26,26,Mexico,Spanish,UI/UX Design,5,5,50,0,0,N,,,,
FL250140,Jonathan Garza,m,MALE,31,31,Germany,German,Cybersecurity,11,11,50,3.1,3.1,FALSE,,88%,,
FL250141,Charles Jones,m,MALE,52,52,France,French,UI/UX Design,15,15,50,0,0,yes,,81%,,
FL250142,Lindsey Miles,female,FEMALE,34,34,India,Hindi,Data Analysis,5,5,USD 20,2.2,2.2,Y,,80%,,
FL250143,Eduardo Reed,male,MALE,45,45,United Kingdom,English,Web Development,7,7,75,3,3,1,,67%,,
FL250144,Lee Fowler,m,MALE,46,46,United Kingdom,English,Cybersecurity,9,9,$20,0,0,N,,82%,,
FL250145,Steven Jones Jr.,m,MALE,56,56,France,French,UI/UX Design,21,21,USD 100,0,0,TRUE,,78,,
FL250146,Ashley Chen,FEMALE,FEMALE,59,59,Germany,German,AI,7,7,$40,1.4,1.4,FALSE,,81%,,
FL250147,Erica Davis,FEMALE,FEMALE,54,54,Egypt,Arabic,Blockchain Development,4,4,,1.4,1.4,TRUE,,74%,,
FL250148,Wayne Gonzales,M,MALE,36,36,Germany,German,UI/UX Design,7,7,30,0,0,N,,88%,,
FL250149,Gary Ballard,male,MALE,25,25,Mexico,Spanish,Data Analysis,0,0,40,0,0,0,,90%,,
FL250150,Maria Mcguire,FEMALE,FEMALE,37,37,Russia,Russian,Data Analysis,15,15,$40,2.9,2.9,FALSE,,,,
FL250151,Matthew Richards,M,MALE,41,,Turkey,Turkish,Data Analysis,10,10,USD 40,0,0,,,,,
FL250152,Patrick Malone,m,MALE,29,29,Spain,Spanish,Data Analysis,11,11,20,2.7,2.7,no,,93%,,
FL250153,Cindy Martin,female,FEMALE,55,55,Argentina,Spanish,Mobile Apps,12,12,100,1.8,1.8,1,,,,
FL250154,Anne Edwards,Female,FEMALE,38,38,Japan,Japanese,DevOps,20,20,$75,1.1,1.1,no,,71%,,
FL250155,Mitchell Martin,Male,MALE,47,47,South Korea,Korean,DevOps,29,29,$40,4.3,4.3,1,,95%,,
FL250156,Mitchell Patrick,M,MALE,60,60,Brazil,Portuguese,Web Development,15,15,100,1.5,1.5,0,,80,,
FL250157,Rebecca Lyons,FEMALE,FEMALE,43,43,Italy,Italian,Data Analysis,9,9,$20,2.2,2.2,N,,,,
FL250158,Christian Lopez,Male,MALE,56,56,South Africa,Afrikaans,Data Analysis,,9,100,3.2,3.2,0,,62%,,
FL250159,Nathan Blair,male,MALE,42,42,Russia,Russian,DevOps,2,2,$50,1.9,1.9,FALSE,,95%,,
FL250160,Patricia Lopez,Female,FEMALE,20,20,Spain,Spanish,Graphic Design,0,0,40,2.5,2.5,0,,79%,,
FL250161,Michelle Wu,female,FEMALE,47,47,Indonesia,Indonesian,UI/UX Design,12,12,40,4.5,4.5,no,,62%,,
FL250162,Donald Mitchell,m,MALE,41,,Argentina,Spanish,Data Analysis,12,12,$30,4.1,4.1,no,,68%,,
FL250163,Sean Gordon,M,MALE,56,56,Indonesia,Indonesian,DevOps,15,15,USD 75,0,0,no,,,,
FL250164,Gregory Clarke,Male,MALE,59,59,United Kingdom,English,DevOps,29,29,USD 75,,2.6,0,,80%,,
FL250165,Steven Whitney,MALE,MALE,56,56,Japan,Japanese,Cybersecurity,15,15,40,3.7,3.7,,,92%,,
FL250166,Robin Acosta,female,FEMALE,31,31,South Africa,Afrikaans,Web Development,,9,USD 75,1.3,1.3,1,,65%,,
FL250167,John Smith,m,MALE,60,60,South Korea,Korean,Mobile Apps,33,33,40,3.6,3.6,1,,87%,,
FL250168,Susan Baker,FEMALE,FEMALE,31,31,Canada,English,Web Development,10,10,75,0,0,no,,70%,,
FL250169,Anthony Larsen,MALE,MALE,60,60,Argentina,Spanish,Cybersecurity,20,20,40,1.4,1.4,no,,87,,
FL250170,Nicholas Carpenter,MALE,MALE,46,46,France,French,DevOps,23,23,20,2.9,2.9,N,,72%,,
FL250171,Debra Salazar,F,FEMALE,41,,Netherlands,Dutch,Blockchain Development,,9,40,2.8,2.8,N,,80%,,
FL250172,William Smith,Male,MALE,34,34,Japan,Japanese,UI/UX Design,0,0,20,1.7,1.7,0,,66%,,
FL250173,Caroline Gross,f,FEMALE,42,42,Netherlands,Dutch,Graphic Design,7,7,USD 40,0,0,1,,,,
FL250174,Jeremy Sawyer,M,MALE,31,31,United Kingdom,English,Data Analysis,4,4,USD 75,1.1,1.1,TRUE,,64%,,
FL250175,Eduardo Burns,male,MALE,29,29,Brazil,Portuguese,UI/UX Design,9,9,20,,2.6,,,68%,,
FL250176,Amanda Jones,female,FEMALE,57,57,Australia,English,Graphic Design,17,17,20,3.6,3.6,0,,63%,,
FL250177,Frederick Ware,MALE,MALE,47,47,India,Hindi,DevOps,8,8,20,4.5,4.5,1,,72%,,
FL250178,Michael Black,MALE,MALE,47,47,South Africa,Afrikaans,AI,14,14,$30,0,0,TRUE,,86%,,
FL250179,Patricia Sanders,FEMALE,FEMALE,45,45,France,French,Graphic Design,21,21,USD 30,1.5,1.5,1,,73%,,
FL250180,Marc Joseph,m,MALE,24,24,Turkey,Turkish,Machine Learning,1,1,$30,3.7,3.7,no,,95%,,
FL250181,Vanessa White,FEMALE,FEMALE,31,31,Argentina,Spanish,Mobile Apps,12,12,20,2.3,2.3,FALSE,,90%,,
FL250182,Jennifer Garcia,F,FEMALE,20,20,Mexico,Spanish,Graphic Design,2,2,$20,2.8,2.8,0,,78%,,
FL250183,Michael Zavala,MALE,MALE,38,38,Japan,Japanese,Web Development,3,3,30,3.5,3.5,no,,97%,,
FL250184,Kimberly Williams,female,FEMALE,33,33,Germany,German,UI/UX Design,11,11,,0,0,yes,,65%,,
FL250185,Elizabeth Jenkins,F,FEMALE,31,31,Australia,English,Web Development,4,4,40,3.2,3.2,1,,78%,,
FL250186,Brandon Ford,m,MALE,41,41,Spain,Spanish,Machine Learning,21,21,50,3.3,3.3,Y,,65%,,
FL250187,Justin House,MALE,MALE,54,54,Turkey,Turkish,Web Development,0,0,$20,4.9,4.9,,,,,
FL250188,Henry Mullen,male,MALE,50,50,Mexico,Spanish,Data Analysis,6,6,30,2.2,2.2,1,,95%,,
FL250189,Jesse Cochran,MALE,MALE,48,48,Brazil,Portuguese,Machine Learning,18,18,USD 40,,2.6,1,,88%,,
FL250190,Melissa Rich,f,FEMALE,49,49,Mexico,Spanish,Graphic Design,,9,,1.8,1.8,0,,,,
FL250191,Patrick Dunlap,Male,MALE,21,21,South Korea,Korean,Graphic Design,1,1,75,4.6,4.6,0,,92%,,
FL250192,Troy Carson,M,MALE,58,58,Australia,English,Graphic Design,20,20,75,2.8,2.8,no,,75%,,
FL250193,Matthew Smith,MALE,MALE,41,41,Italy,Italian,DevOps,,9,$30,1.4,1.4,FALSE,,74%,,
FL250194,Jennifer Cherry,F,FEMALE,58,58,Russia,Russian,Blockchain Development,25,25,$30,4.2,4.2,Y,,71%,,
FL250195,Brandi Tucker,female,FEMALE,50,50,South Africa,Afrikaans,Graphic Design,20,20,USD 40,3.6,3.6,1,,89%,,
FL250196,Zachary Burke,m,MALE,52,52,Indonesia,Indonesian,Web Development,33,33,$100,1.6,1.6,,,66%,,
FL250197,Thomas Jones,m,MALE,34,34,Netherlands,Dutch,Data Analysis,6,6,$100,2,2,no,,,,
FL250198,Brian Dunn,Male,MALE,32,32,France,French,Machine Learning,11,11,40,4.3,4.3,TRUE,,86%,,
FL250199,Shirley Strickland,F,FEMALE,50,50,India,Hindi,Graphic Design,28,28,$100,4.9,4.9,Y,,86%,,
FL250200,Nicole Meyers,female,FEMALE,39,39,Argentina,Spanish,Data Analysis,11,11,100,3.5,3.5,Y,,82%,,
FL250201,Jill Stephens,f,FEMALE,25,25,Spain,Spanish,AI,2,2,100,2.5,2.5,no,,87,,
FL250202,Heidi Miranda,FEMALE,FEMALE,55,55,China,Mandarin,Machine Learning,7,7,100,1.7,1.7,1,,80%,,
FL250203,Jesus Martinez,m,MALE,42,42,Italy,Italian,DevOps,10,10,USD 100,4.6,4.6,Y,,71%,,
FL250204,Adam Payne,male,MALE,43,43,Russia,Russian,Mobile Apps,6,6,50,,2.6,N,,77%,,
FL250205,Walter Williams,m,MALE,54,54,Italy,Italian,DevOps,29,29,$30,1.7,1.7,0,,68,,
FL250206,Shannon Farmer,FEMALE,FEMALE,21,21,Egypt,Arabic,Graphic Design,0,0,20,1.8,1.8,N,,91%,,
FL250207,Peter Reyes,m,MALE,46,46,Canada,English,UI/UX Design,5,5,20,2.2,2.2,FALSE,,75%,,
FL250208,Kristen Knight,f,FEMALE,30,30,Spain,Spanish,Blockchain Development,11,11,40,1,1,N,,90%,,
FL250209,William Moore Jr.,male,MALE,36,36,China,Mandarin,Machine Learning,11,11,$75,3.2,3.2,0,,93,,
FL250210,Jennifer Rowe,Female,FEMALE,47,47,Germany,German,Data Analysis,15,15,40,2.1,2.1,yes,,94%,,
FL250211,Mikayla Henry,F,FEMALE,43,43,Canada,English,Mobile Apps,1,1,USD 50,4.6,4.6,TRUE,,64,,
FL250212,Jacob Kerr,m,MALE,57,57,South Korea,Korean,Cybersecurity,8,8,$20,0,0,yes,,84%,,
FL250213,Ryan Johnson,male,MALE,52,52,Italy,Italian,Machine Learning,30,30,$20,2.8,2.8,no,,87%,,
FL250214,Michael Ruiz,MALE,MALE,41,,Germany,German,Blockchain Development,8,8,$40,0,0,N,,64%,,
FL250215,Monica Roberts,female,FEMALE,22,22,Indonesia,Indonesian,Machine Learning,0,0,100,2.7,2.7,TRUE,,64%,,
FL250216,Danny Brown,m,MALE,41,,India,Hindi,Machine Learning,12,12,$20,0,0,TRUE,,80%,,
FL250217,Karen Larsen,F,FEMALE,58,58,Spain,Spanish,Mobile Apps,4,4,$50,3.1,3.1,0,,90%,,
FL250218,Robert Evans,M,MALE,39,39,South Korea,Korean,Web Development,14,14,USD 100,0,0,Y,,92%,,
FL250219,Sean Poole,M,MALE,32,32,Indonesia,Indonesian,Graphic Design,14,14,,,2.6,0,,96%,,
FL250220,Richard Quinn,m,MALE,37,37,Canada,English,UI/UX Design,2,2,$30,2.3,2.3,yes,,,,
FL250221,Jennifer Gonzalez,FEMALE,FEMALE,21,21,China,Mandarin,Cybersecurity,2,2,100,2.4,2.4,Y,,,,
FL250222,James Skinner,MALE,MALE,41,41,South Korea,Korean,Machine Learning,4,4,75,2.6,2.6,,,85%,,
FL250223,Michelle Hill,f,FEMALE,21,21,Canada,English,AI,0,0,USD 40,1.1,1.1,0,,79%,,
FL250224,Jacqueline Williams,F,FEMALE,58,58,China,Mandarin,Machine Learning,9,9,30,0,0,1,,65%,,
FL250225,Darrell Johnson,Male,MALE,60,60,Canada,English,Machine Learning,3,3,40,4.7,4.7,FALSE,,63%,,
FL250226,Ryan Crawford,M,MALE,27,27,South Africa,Afrikaans,Web Development,2,2,$40,1.2,1.2,FALSE,,,,
FL250227,Chelsea Barber,f,FEMALE,29,29,Germany,German,Machine Learning,10,10,USD 40,1.2,1.2,FALSE,,78%,,
FL250228,Elaine Martinez,Female,FEMALE,54,54,Canada,English,Graphic Design,33,33,$75,0,0,1,,62%,,
FL250229,Joseph Kent,M,MALE,52,52,Mexico,Spanish,Machine Learning,12,12,40,1.2,1.2,0,,76%,,
FL250230,Megan Welch,FEMALE,FEMALE,55,55,Indonesia,Indonesian,Blockchain Development,18,18,100,2.9,2.9,0,,97,,
FL250231,Stephen Ramirez,male,MALE,37,37,Brazil,Portuguese,Blockchain Development,4,4,,,2.6,N,,,,
FL250232,Chloe Gray,f,FEMALE,34,34,Egypt,Arabic,Data Analysis,11,11,$50,3.9,3.9,1,,82%,,
FL250233,Michael Williams Jr.,m,MALE,20,20,France,French,Data Analysis,1,1,50,3.1,3.1,,,71%,,
FL250234,Matthew Martin,m,MALE,22,22,Mexico,Spanish,UI/UX Design,2,2,,0,0,1,,,,
FL250235,Julia Murphy,f,FEMALE,23,23,South Korea,Korean,Graphic Design,2,2,50,3.2,3.2,TRUE,,,,
FL250236,Anna Evans,F,FEMALE,53,53,South Korea,Korean,Blockchain Development,34,34,30,,2.6,Y,,,,
FL250237,Brenda Fleming,F,FEMALE,56,56,South Korea,Korean,Graphic Design,27,27,100,4.7,4.7,TRUE,,69%,,
FL250238,Daniel Harrington,M,MALE,27,27,Canada,English,AI,4,4,75,5,5,0,,88%,,
FL250239,Daniel Barnett,Male,MALE,34,34,Italy,Italian,Mobile Apps,11,11,USD 40,,2.6,FALSE,,67%,,
FL250240,Mark Cummings,M,MALE,29,29,United States,English,Web Development,4,4,USD 50,4,4,0,,,,
FL250241,Christopher Guerra,M,MALE,34,34,India,Hindi,AI,11,11,,1.2,1.2,1,,,,
FL250242,Sarah Ho,female,FEMALE,32,32,Mexico,Spanish,AI,1,1,100,4.7,4.7,0,,67%,,
FL250243,Veronica Thomas,f,FEMALE,21,21,South Africa,Afrikaans,Machine Learning,2,2,20,2.4,2.4,,,86%,,
FL250244,Mitchell Watson,MALE,MALE,20,20,Mexico,Spanish,Graphic Design,2,2,,1.1,1.1,FALSE,,69%,,
FL250245,Monica Murphy,FEMALE,FEMALE,35,35,United States,English,Mobile Apps,10,10,50,1.4,1.4,TRUE,,85%,,
FL250246,Kristen Williams,f,FEMALE,47,47,United States,English,UI/UX Design,18,18,40,3.4,3.4,0,,60,,
FL250247,Nicole Wright,f,FEMALE,41,41,Turkey,Turkish,Blockchain Development,4,4,40,2.7,2.7,1,,70,,
FL250248,Andrew Ruiz,male,MALE,58,58,Argentina,Spanish,Web Development,23,23,,4.9,4.9,FALSE,,,,
FL250249,Zachary Jackson,m,MALE,34,34,China,Mandarin,Data Analysis,6,6,75,1.9,1.9,1,,81%,,
FL250250,Stephanie Carter,f,FEMALE,50,50,India,Hindi,Mobile Apps,5,5,100,,2.6,1,,,,
FL250251,Amy Olson,f,FEMALE,42,42,Mexico,Spanish,DevOps,19,19,USD 75,4.6,4.6,0,,78%,,
FL250252,Fred Stark,M,MALE,43,43,Germany,German,UI/UX Design,6,6,50,0,0,0,,81,,
FL250253,Jacob Gill,Male,MALE,34,34,Germany,German,Data Analysis,8,8,75,1.8,1.8,1,,71%,,
FL250254,Anthony Nichols,Male,MALE,24,24,Spain,Spanish,Mobile Apps,3,3,75,2,2,FALSE,,,,
FL250255,William Knapp,m,MALE,48,48,South Africa,Afrikaans,UI/UX Design,8,8,30,5,5,1,,99%,,
FL250256,Elizabeth Walker,F,FEMALE,39,39,South Korea,Korean,Data Analysis,12,12,$20,3.2,3.2,TRUE,,66%,,
FL250257,Brenda Reeves,F,FEMALE,57,57,Australia,English,Blockchain Development,30,30,$30,2.4,2.4,,,80%,,
FL250258,Carrie Little,FEMALE,FEMALE,44,44,Canada,English,Web Development,21,21,100,2.9,2.9,0,,83%,,
FL250259,Steven Jackson,male,MALE,37,37,Brazil,Portuguese,UI/UX Design,17,17,USD 20,0,0,yes,,87,,
FL250260,Mark Perry,Male,MALE,50,50,Turkey,Turkish,Data Analysis,9,9,30,3,3,0,,76,,
FL250261,Cameron Spencer,Male,MALE,50,50,Spain,Spanish,UI/UX Design,2,2,50,1.6,1.6,no,,89%,,
FL250262,Jennifer Holmes,Female,FEMALE,28,28,France,French,Graphic Design,1,1,20,3.6,3.6,yes,,94%,,
FL250263,Jacob Joseph,Male,MALE,48,48,Italy,Italian,Web Development,23,23,,2.1,2.1,0,,68%,,
FL250264,Jeffery Tucker,Male,MALE,42,42,Germany,German,DevOps,8,8,30,3.6,3.6,1,,96%,,
FL250265,Jacqueline Drake,Female,FEMALE,37,37,Canada,English,Data Analysis,6,6,$20,2.7,2.7,TRUE,,91%,,
FL250266,Brian Bautista,Male,MALE,21,21,India,Hindi,Blockchain Development,1,1,100,2.1,2.1,1,,92%,,
FL250267,Dakota Wells,MALE,MALE,50,50,South Korea,Korean,Web Development,19,19,$40,4.9,4.9,,,82%,,
FL250268,Julie White,F,FEMALE,22,22,Argentina,Spanish,AI,2,2,30,2.1,2.1,,,,,
FL250269,Barbara Keith,Female,FEMALE,39,39,Japan,Japanese,Web Development,21,21,100,0,0,no,,91%,,
FL250270,Heather Camacho,Female,FEMALE,25,25,Japan,Japanese,Machine Learning,3,3,$50,2.8,2.8,yes,,86,,
FL250271,Melanie Harris,FEMALE,FEMALE,47,47,South Africa,Afrikaans,Mobile Apps,14,14,,,2.6,FALSE,,69%,,
FL250272,Jacqueline Peterson,f,FEMALE,35,35,South Africa,Afrikaans,UI/UX Design,10,10,USD 100,4.7,4.7,TRUE,,84%,,
FL250273,Nancy Long,f,FEMALE,41,,United Kingdom,English,Cybersecurity,5,5,100,1.3,1.3,0,,60%,,
FL250274,Mr. Juan Mitchell,male,MALE,35,35,Netherlands,Dutch,Blockchain Development,6,6,USD 75,1.6,1.6,1,,97%,,
FL250275,William Gaines,Male,MALE,59,59,France,French,Web Development,21,21,100,0,0,,,70%,,
FL250276,Haley Yates,FEMALE,FEMALE,26,26,China,Mandarin,UI/UX Design,4,4,USD 100,3.6,3.6,no,,81%,,
FL250277,Richard Mcguire,MALE,MALE,44,44,Russia,Russian,Machine Learning,18,18,20,4.7,4.7,1,,88%,,
FL250278,Stephanie Fisher,Female,FEMALE,31,31,South Africa,Afrikaans,UI/UX Design,12,12,$40,,2.6,1,,100%,,
FL250279,Anthony Goodwin DDS,male,MALE,60,60,Turkey,Turkish,Data Analysis,6,6,,3.2,3.2,0,,95,,
FL250280,Meagan Walters,female,FEMALE,23,23,United Kingdom,English,Blockchain Development,4,4,USD 20,,2.6,0,,71%,,
FL250281,David Powell,M,MALE,42,42,Indonesia,Indonesian,UI/UX Design,13,13,$20,4.7,4.7,N,,85%,,
FL250282,Kelly Jones,f,FEMALE,48,48,India,Hindi,Mobile Apps,6,6,30,,2.6,N,,96%,,
FL250283,Dr. Michael Aguilar,m,MALE,42,42,Netherlands,Dutch,Graphic Design,10,10,USD 20,2.4,2.4,Y,,92%,,
FL250284,Alex Novak,M,MALE,52,52,South Korea,Korean,Cybersecurity,20,20,50,,2.6,FALSE,,79%,,
FL250285,Ann Contreras,female,FEMALE,55,55,Japan,Japanese,Web Development,20,20,75,2.9,2.9,FALSE,,,,
FL250286,Mary Reed,f,FEMALE,58,58,South Africa,Afrikaans,Cybersecurity,11,11,50,0,0,0,,,,
FL250287,Lauren Ross,FEMALE,FEMALE,46,46,South Korea,Korean,Machine Learning,12,12,20,0,0,FALSE,,89%,,
FL250288,Candice Wise,FEMALE,FEMALE,45,45,Spain,Spanish,Machine Learning,1,1,100,1.5,1.5,1,,100%,,
FL250289,Joyce Humphrey,FEMALE,FEMALE,56,56,India,Hindi,Machine Learning,2,2,30,1.9,1.9,1,,81%,,
FL250290,James Carr,male,MALE,44,44,United Kingdom,English,Blockchain Development,13,13,100,3.1,3.1,Y,,95,,
FL250291,Joseph Mendoza,Male,MALE,46,46,Indonesia,Indonesian,UI/UX Design,0,0,,1.8,1.8,N,,88%,,
FL250292,Cathy Baldwin,Female,FEMALE,27,27,Japan,Japanese,Web Development,7,7,30,2.4,2.4,yes,,66%,,
FL250293,Christine Hart,FEMALE,FEMALE,49,49,India,Hindi,Blockchain Development,13,13,100,4.2,4.2,1,,84%,,
FL250294,Mike Stanley,Male,MALE,53,53,Mexico,Spanish,Web Development,21,21,$50,1.4,1.4,N,,,,
FL250295,Jeffrey Edwards,Male,MALE,56,56,Australia,English,Web Development,19,19,40,1.2,1.2,Y,,82%,,
FL250296,Amy Lee,FEMALE,FEMALE,56,56,United Kingdom,English,DevOps,34,34,,2.1,2.1,yes,,84%,,
FL250297,Mark Thompson,MALE,MALE,38,38,South Africa,Afrikaans,Data Analysis,3,3,100,1.4,1.4,FALSE,,73%,,
FL250298,Alex Wilson,M,MALE,20,20,South Korea,Korean,Mobile Apps,0,0,30,3.8,3.8,,,93%,,
FL250299,Nancy Mendez,female,FEMALE,38,38,Canada,English,Machine Learning,20,20,50,0,0,,,64%,,
FL250300,Beth Crane,f,FEMALE,41,,Netherlands,Dutch,Mobile Apps,6,6,40,3.5,3.5,0,,76%,,
FL250301,Miguel Rogers,MALE,MALE,46,46,India,Hindi,Machine Learning,13,13,$100,0,0,Y,,97%,,
FL250302,Thomas Robles,Male,MALE,36,36,South Africa,Afrikaans,Data Analysis,9,9,75,2.2,2.2,0,,95%,,
FL250303,Joel Brown III,Male,MALE,33,33,Russia,Russian,Web Development,2,2,75,2.5,2.5,FALSE,,65%,,
FL250304,Olivia Schultz,F,FEMALE,37,37,Canada,English,Graphic Design,0,0,USD 50,4.7,4.7,0,,77%,,
FL250305,Clayton Pena,Male,MALE,20,20,Egypt,Arabic,Data Analysis,0,0,20,3.9,3.9,FALSE,,,,
FL250306,Ashley Salazar,FEMALE,FEMALE,48,48,China,Mandarin,Data Analysis,2,2,75,1.6,1.6,N,,67%,,
FL250307,Robert Lucas,male,MALE,27,27,France,French,Cybersecurity,2,2,$50,,2.6,0,,84%,,
FL250308,David Cox,M,MALE,34,34,South Korea,Korean,Mobile Apps,1,1,30,3.6,3.6,1,,87%,,
FL250309,Christian Campbell,Male,MALE,55,55,Brazil,Portuguese,Machine Learning,14,14,USD 30,1.2,1.2,yes,,91%,,
FL250310,Mrs. Angela Ward,F,FEMALE,44,44,South Africa,Afrikaans,Machine Learning,14,14,USD 75,3,3,0,,78%,,
FL250311,Lucas Chen,male,MALE,31,31,Netherlands,Dutch,UI/UX Design,2,2,50,3.9,3.9,0,,,,
FL250312,Ruben Nelson,m,MALE,34,34,Australia,English,DevOps,1,1,40,1.7,1.7,,,74,,
FL250313,Brenda Briggs,F,FEMALE,47,47,Brazil,Portuguese,DevOps,13,13,20,4.5,4.5,,,91%,,
FL250314,Ronald Smith,m,MALE,50,50,United States,English,Graphic Design,23,23,$40,3.6,3.6,TRUE,,71%,,
FL250315,Dakota Giles,M,MALE,39,39,Germany,German,Cybersecurity,,9,USD 75,3.6,3.6,Y,,87%,,
FL250316,Angela Castillo,FEMALE,FEMALE,26,26,Argentina,Spanish,Blockchain Development,3,3,USD 100,2.8,2.8,1,,61%,,
FL250317,Allen Lee,M,MALE,41,,Netherlands,Dutch,DevOps,0,0,$100,5,5,N,,,,
FL250318,Michael Rogers,male,MALE,32,32,Germany,German,Graphic Design,0,0,100,1.4,1.4,1,,81%,,
FL250319,Danielle Costa,Female,FEMALE,55,55,Russia,Russian,Data Analysis,17,17,30,,2.6,,,,,
FL250320,William Nunez,M,MALE,32,32,Argentina,Spanish,Machine Learning,9,9,USD 40,4.6,4.6,1,,84%,,
FL250321,Christopher Riggs,m,MALE,30,30,South Korea,Korean,Blockchain Development,4,4,$20,3.3,3.3,no,,,,
FL250322,Kathryn Myers,female,FEMALE,37,37,Canada,English,Cybersecurity,0,0,$40,3.7,3.7,1,,,,
FL250323,Robert Walls,M,MALE,52,52,Brazil,Portuguese,Graphic Design,33,33,,0,0,1,,60%,,
FL250324,Justin Johnson,Male,MALE,48,48,India,Hindi,Cybersecurity,18,18,50,0,0,Y,,64%,,
FL250325,Paula Stevens,FEMALE,FEMALE,28,28,Japan,Japanese,Mobile Apps,9,9,40,,2.6,1,,64%,,
FL250326,Jennifer Allen,FEMALE,FEMALE,58,58,Spain,Spanish,Data Analysis,40,40,75,3.4,3.4,1,,100%,,
FL250327,Mark Hudson,male,MALE,30,30,Argentina,Spanish,Web Development,1,1,40,1.6,1.6,TRUE,,100,,
FL250328,Jessica Smith,Female,FEMALE,47,47,China,Mandarin,Mobile Apps,5,5,20,1.9,1.9,0,,,,
FL250329,Mike Dean,male,MALE,44,44,Argentina,Spanish,AI,4,4,$50,0,0,TRUE,,83%,,
FL250330,Jose Wilson,M,MALE,56,56,Italy,Italian,Machine Learning,13,13,USD 40,,2.6,1,,87%,,
FL250331,Tammy Hill,Female,FEMALE,53,53,United States,English,Mobile Apps,33,33,$100,,2.6,no,,75%,,
FL250332,Nathaniel Flores,MALE,MALE,59,59,United Kingdom,English,Mobile Apps,22,22,40,1.1,1.1,yes,,61%,,
FL250333,Edwin Carter,M,MALE,60,60,United States,English,DevOps,34,34,,2.5,2.5,FALSE,,93%,,
FL250334,Patricia Miller,FEMALE,FEMALE,33,33,Germany,German,Mobile Apps,8,8,USD 30,3.6,3.6,1,,,,
FL250335,Rebecca Schneider,Female,FEMALE,21,21,Argentina,Spanish,Web Development,1,1,USD 20,,2.6,FALSE,,99%,,
FL250336,John Greene,male,MALE,54,54,United Kingdom,English,UI/UX Design,20,20,50,4.4,4.4,0,,73,,
FL250337,Brittany Mcdowell,Female,FEMALE,33,33,United States,English,Graphic Design,11,11,75,2.1,2.1,0,,96%,,
FL250338,Lori Miller,Female,FEMALE,57,57,Turkey,Turkish,Data Analysis,2,2,40,0,0,FALSE,,60%,,
FL250339,Joseph Robinson,M,MALE,36,36,South Korea,Korean,Graphic Design,6,6,20,1,1,Y,,64%,,
FL250340,Aaron Pruitt,Male,MALE,50,50,Germany,German,Blockchain Development,20,20,USD 30,0,0,0,,,,
FL250341,Victoria Miller,f,FEMALE,37,37,Canada,English,DevOps,,9,USD 20,4.9,4.9,N,,,,
FL250342,Clarence Vega,M,MALE,53,53,Italy,Italian,AI,4,4,30,4.7,4.7,no,,99%,,
FL250343,Deborah Day,Female,FEMALE,22,22,Italy,Italian,Blockchain Development,3,3,USD 40,2.1,2.1,0,,,,
FL250344,Nicole Rocha,Female,FEMALE,55,55,Netherlands,Dutch,Mobile Apps,33,33,40,1.5,1.5,Y,,71%,,
FL250345,Elijah Green,MALE,MALE,22,22,Australia,English,Cybersecurity,1,1,,2.6,2.6,0,,72%,,
FL250346,Emily Johnson,f,FEMALE,45,45,Turkey,Turkish,Web Development,23,23,USD 50,0,0,0,,66%,,
FL250347,Richard Velasquez Jr.,M,MALE,36,36,France,French,Data Analysis,13,13,40,,2.6,N,,78%,,
FL250348,Kurt Wilson,m,MALE,23,23,Australia,English,DevOps,1,1,USD 20,4,4,Y,,100,,
FL250349,Jeremiah Rodriguez,M,MALE,55,55,Italy,Italian,DevOps,15,15,40,4.5,4.5,,,,,
FL250350,Lauren Lang,F,FEMALE,50,50,Brazil,Portuguese,Mobile Apps,18,18,75,3.8,3.8,0,,67,,
FL250351,Matthew Phillips,male,MALE,48,48,United States,English,Machine Learning,21,21,50,4,4,0,,78%,,
FL250352,Michael Andersen,MALE,MALE,23,23,Netherlands,Dutch,DevOps,1,1,$40,4.9,4.9,yes,,78%,,
FL250353,Amanda Mayo,f,FEMALE,49,49,Canada,English,Web Development,25,25,$30,3.4,3.4,0,,75%,,
FL250354,Jessica Vance,F,FEMALE,47,47,Italy,Italian,Cybersecurity,12,12,50,2.1,2.1,TRUE,,67%,,
FL250355,Alexa Gallegos,Female,FEMALE,56,56,Japan,Japanese,Graphic Design,32,32,USD 40,0,0,1,,86%,,
FL250356,Charles Pratt,MALE,MALE,58,58,Argentina,Spanish,UI/UX Design,,9,100,4.5,4.5,no,,77,,
FL250357,Brian Baker,m,MALE,32,32,South Korea,Korean,UI/UX Design,10,10,$30,3.8,3.8,0,,61%,,
FL250358,Christina Norman,Female,FEMALE,52,52,India,Hindi,UI/UX Design,0,0,,4.3,4.3,0,,90%,,
FL250359,Laura Kelly,FEMALE,FEMALE,22,22,China,Mandarin,Data Analysis,1,1,50,0,0,,,98%,,
FL250360,John Webb,Male,MALE,20,20,India,Hindi,Cybersecurity,2,2,30,,2.6,1,,99%,,
FL250361,Christopher Burton,M,MALE,56,56,Netherlands,Dutch,Data Analysis,9,9,USD 40,2.6,2.6,0,,61%,,
FL250362,Bradley Aguilar,Male,MALE,41,41,Japan,Japanese,Data Analysis,22,22,USD 50,1.6,1.6,1,,61%,,
FL250363,Arthur Vasquez,Male,MALE,25,25,Argentina,Spanish,Blockchain Development,5,5,$30,2.3,2.3,0,,91%,,
FL250364,Angela Castro,FEMALE,FEMALE,44,44,Canada,English,Cybersecurity,6,6,75,4.6,4.6,Y,,72,,
FL250365,Summer Yoder,female,FEMALE,46,46,Australia,English,Web Development,26,26,$100,2.1,2.1,,,,,
FL250366,Jackie Allen,female,FEMALE,40,40,South Korea,Korean,Blockchain Development,,9,40,1.5,1.5,FALSE,,96%,,
FL250367,Brandon Williams,male,MALE,41,,China,Mandarin,AI,9,9,USD 40,1.7,1.7,1,,72,,
FL250368,Manuel Torres,M,MALE,31,31,Japan,Japanese,Data Analysis,11,11,,3.3,3.3,0,,,,
FL250369,Scott Keller,m,MALE,33,33,South Korea,Korean,Machine Learning,,9,$40,4.3,4.3,1,,63%,,
FL250370,Deborah Brown,FEMALE,FEMALE,31,31,Brazil,Portuguese,Machine Learning,3,3,$20,,2.6,N,,,,
FL250371,Jennifer Lara,F,FEMALE,49,49,Italy,Italian,Data Analysis,15,15,USD 75,2.6,2.6,N,,83%,,
FL250372,Jason Scott,male,MALE,35,35,Mexico,Spanish,Graphic Design,12,12,USD 20,4.1,4.1,,,94%,,
FL250373,Gregory Garrison,M,MALE,45,45,India,Hindi,Data Analysis,19,19,$40,2.2,2.2,1,,78%,,
FL250374,Chelsea Anderson,female,FEMALE,39,39,Netherlands,Dutch,Data Analysis,13,13,30,1.1,1.1,1,,,,
FL250375,Gerald Johnson,MALE,MALE,41,,Argentina,Spanish,Blockchain Development,,9,$50,2.1,2.1,1,,82%,,
FL250376,Kevin Ellis,male,MALE,24,24,Germany,German,Cybersecurity,3,3,$30,2.3,2.3,FALSE,,66%,,
FL250377,Mitchell Keller,Male,MALE,50,50,Australia,English,Graphic Design,26,26,,3.6,3.6,1,,82,,
FL250378,Mary Brown,female,FEMALE,23,23,Germany,German,Machine Learning,4,4,USD 20,4.7,4.7,TRUE,,84%,,
FL250379,Ronald Walls,MALE,MALE,27,27,Canada,English,Cybersecurity,8,8,20,4.8,4.8,N,,81%,,
FL250380,Anthony Avila,Male,MALE,58,58,South Africa,Afrikaans,AI,10,10,75,4.2,4.2,N,,71,,
FL250381,Douglas Goodwin,m,MALE,37,37,Italy,Italian,Machine Learning,5,5,,4.8,4.8,1,,61%,,
FL250382,James Mills,MALE,MALE,39,39,Spain,Spanish,Blockchain Development,18,18,75,4,4,1,,66%,,
FL250383,Nicole Marks,FEMALE,FEMALE,46,46,Egypt,Arabic,Data Analysis,10,10,$20,2.5,2.5,TRUE,,97%,,
FL250384,Phyllis Dawson,Female,FEMALE,41,,United Kingdom,English,UI/UX Design,0,0,USD 20,4.8,4.8,0,,74%,,
FL250385,Renee Arnold,f,FEMALE,39,39,Mexico,Spanish,Blockchain Development,21,21,30,4.7,4.7,FALSE,,61%,,
FL250386,Eric Robinson,M,MALE,59,59,Egypt,Arabic,Blockchain Development,25,25,20,4,4,0,,90%,,
FL250387,Paul Brown,m,MALE,21,21,Netherlands,Dutch,DevOps,0,0,$40,4.1,4.1,Y,,97%,,
FL250388,Sarah Proctor,FEMALE,FEMALE,23,23,Canada,English,DevOps,5,5,100,3.2,3.2,1,,,,
FL250389,Matthew Hicks,m,MALE,27,27,Egypt,Arabic,Web Development,1,1,20,4.3,4.3,N,,76%,,
FL250390,Christopher Black,m,MALE,27,27,China,Mandarin,Cybersecurity,4,4,40,4.4,4.4,0,,92%,,
FL250391,Joanne Reyes,F,FEMALE,48,48,South Africa,Afrikaans,Data Analysis,21,21,40,2.3,2.3,0,,,,
FL250392,Isaac Gray,MALE,MALE,21,21,South Africa,Afrikaans,AI,1,1,$20,2.4,2.4,1,,66%,,
FL250393,Joshua Roberts,m,MALE,37,37,Italy,Italian,DevOps,,9,50,4.6,4.6,0,,83%,,
FL250394,Elizabeth Estrada,F,FEMALE,31,31,Germany,German,UI/UX Design,10,10,50,0,0,no,,,,
FL250395,Lori Malone,f,FEMALE,41,41,Egypt,Arabic,Blockchain Development,21,21,,0,0,Y,,,,
FL250396,Anthony Huynh MD,male,MALE,31,31,Russia,Russian,Cybersecurity,0,0,$20,4.2,4.2,Y,,82,,
FL250397,Mindy York,FEMALE,FEMALE,58,58,Argentina,Spanish,Data Analysis,0,0,50,2.3,2.3,0,,77%,,
FL250398,Ms. Christine Cherry,f,FEMALE,45,45,Netherlands,Dutch,Data Analysis,17,17,$50,4.7,4.7,1,,73%,,
FL250399,Daniel Foster,m,MALE,51,51,South Korea,Korean,Cybersecurity,5,5,,3,3,1,,88%,,
FL250400,Mr. David Valencia,MALE,MALE,54,54,United States,English,UI/UX Design,3,3,USD 30,2.4,2.4,0,,81%,,
FL250401,Ethan Adams,M,MALE,22,22,Russia,Russian,Data Analysis,1,1,20,1.7,1.7,N,,78%,,
FL250402,Brett Moore,M,MALE,36,36,Turkey,Turkish,Cybersecurity,2,2,75,0,0,FALSE,,92%,,
FL250403,Phillip Griffin,MALE,MALE,50,50,Germany,German,DevOps,32,32,$30,,2.6,0,,64%,,
FL250404,Stacie Wall,Female,FEMALE,41,41,Australia,English,Blockchain Development,14,14,30,0,0,Y,,78%,,
FL250405,Jacob Austin,M,MALE,41,,South Africa,Afrikaans,Web Development,10,10,20,1.8,1.8,yes,,85,,
FL250406,Sabrina Davidson,FEMALE,FEMALE,51,51,Netherlands,Dutch,Cybersecurity,27,27,$50,0,0,no,,78%,,
FL250407,Dustin Douglas,male,MALE,21,21,France,French,AI,2,2,$30,3.8,3.8,1,,98%,,
FL250408,Steven Norris,MALE,MALE,51,51,Japan,Japanese,AI,33,33,USD 40,0,0,Y,,63%,,
FL250409,Mindy Sullivan,female,FEMALE,37,37,Indonesia,Indonesian,Graphic Design,11,11,USD 40,3.6,3.6,N,,73%,,
FL250410,Elizabeth Stone,f,FEMALE,20,20,Spain,Spanish,Graphic Design,2,2,30,0,0,0,,94%,,
FL250411,Diane Flores,Female,FEMALE,50,50,Australia,English,Web Development,31,31,$50,4.1,4.1,,,81%,,
FL250412,Jessica Erickson,FEMALE,FEMALE,58,58,Turkey,Turkish,Graphic Design,17,17,$50,2.6,2.6,1,,61%,,
FL250413,Sara Moses,FEMALE,FEMALE,40,40,Brazil,Portuguese,UI/UX Design,2,2,$100,0,0,0,,,,
FL250414,Allison Henderson,F,FEMALE,26,26,Egypt,Arabic,Web Development,2,2,20,1.3,1.3,no,,83%,,
FL250415,Susan Dixon,FEMALE,FEMALE,44,44,South Korea,Korean,Cybersecurity,22,22,30,4.1,4.1,Y,,,,
FL250416,David Morrison,male,MALE,42,42,Mexico,Spanish,Machine Learning,8,8,$50,2.4,2.4,no,,68%,,
FL250417,Jason Carter,M,MALE,38,38,Mexico,Spanish,Data Analysis,9,9,$50,0,0,0,,74%,,
FL250418,James Jacobs,male,MALE,51,51,Egypt,Arabic,Web Development,32,32,100,4.4,4.4,FALSE,,91,,
FL250419,Kathleen Quinn,female,FEMALE,36,36,France,French,AI,8,8,USD 100,2.2,2.2,1,,97%,,
FL250420,Natalie Frank MD,FEMALE,FEMALE,37,37,Australia,English,Mobile Apps,10,10,30,0,0,0,,96%,,
FL250421,Michael Reed,male,MALE,31,31,South Africa,Afrikaans,DevOps,0,0,50,1.1,1.1,Y,,73%,,
FL250422,Sheila Smith,f,FEMALE,47,47,India,Hindi,Cybersecurity,22,22,,1.4,1.4,yes,,72%,,
FL250423,Morgan Ford,female,FEMALE,60,60,Mexico,Spanish,UI/UX Design,34,34,$100,0,0,TRUE,,74%,,
FL250424,Linda Schultz,FEMALE,FEMALE,48,48,Argentina,Spanish,Mobile Apps,5,5,30,1.5,1.5,N,,,,
FL250425,Regina Daniel,F,FEMALE,24,24,India,Hindi,AI,3,3,20,0,0,1,,,,
FL250426,Allison Perkins,FEMALE,FEMALE,35,35,Netherlands,Dutch,Machine Learning,10,10,75,0,0,,,74%,,
FL250427,Bradley Weaver,MALE,MALE,35,35,United States,English,DevOps,,9,100,3.5,3.5,Y,,71%,,
FL250428,Sarah Hall,Female,FEMALE,29,29,Netherlands,Dutch,UI/UX Design,6,6,,4.8,4.8,N,,83%,,
FL250429,Diana Walton,Female,FEMALE,36,36,Italy,Italian,Machine Learning,1,1,$75,,2.6,,,63%,,
FL250430,Donna Davis,FEMALE,FEMALE,44,44,Canada,English,AI,0,0,,4.8,4.8,,,84%,,
FL250431,Christopher Mcclain,MALE,MALE,44,44,South Africa,Afrikaans,Web Development,,9,,1.4,1.4,0,,93%,,
FL250432,Dr. Paul Williamson,m,MALE,40,40,India,Hindi,AI,13,13,USD 100,1.1,1.1,1,,,,
FL250433,Barbara Brown,F,FEMALE,53,53,Netherlands,Dutch,Machine Learning,13,13,$50,3.3,3.3,Y,,93%,,
FL250434,Kimberly Allen,f,FEMALE,35,35,Germany,German,Blockchain Development,0,0,USD 30,4.6,4.6,,,97%,,
FL250435,Elizabeth Edwards,FEMALE,FEMALE,27,27,Argentina,Spanish,Machine Learning,7,7,USD 75,2.8,2.8,1,,92%,,
FL250436,Anthony Downs,MALE,MALE,34,34,Australia,English,DevOps,6,6,50,5,5,Y,,92%,,
FL250437,Jack Ortega,male,MALE,24,24,India,Hindi,Cybersecurity,2,2,75,4.7,4.7,no,,68%,,
FL250438,Marvin Moore,male,MALE,57,57,United States,English,UI/UX Design,13,13,100,3.5,3.5,no,,95%,,
FL250439,Tony French,m,MALE,28,28,South Korea,Korean,UI/UX Design,7,7,$100,4.3,4.3,FALSE,,76%,,
FL250440,Stacy Hudson,F,FEMALE,26,26,Italy,Italian,DevOps,7,7,USD 100,3.3,3.3,yes,,66%,,
FL250441,Scott Washington,Male,MALE,34,34,Argentina,Spanish,Mobile Apps,15,15,75,,2.6,0,,73%,,
FL250442,Timothy Wright,Male,MALE,43,43,Japan,Japanese,AI,,9,USD 20,2.8,2.8,,,99%,,
FL250443,Joseph Gonzalez,M,MALE,31,31,China,Mandarin,Graphic Design,5,5,,2.7,2.7,1,,94,,
FL250444,Andrea Perez,FEMALE,FEMALE,34,34,China,Mandarin,Blockchain Development,,9,$50,0,0,FALSE,,84,,
FL250445,Angel Collins,F,FEMALE,32,32,Russia,Russian,Cybersecurity,10,10,$20,,2.6,Y,,92%,,
FL250446,Daniel Terry,m,MALE,24,24,Egypt,Arabic,DevOps,6,6,$75,4.3,4.3,yes,,,,
FL250447,Steven Whitaker,male,MALE,35,35,United Kingdom,English,AI,8,8,USD 50,,2.6,no,,90,,
FL250448,Denise Neal,FEMALE,FEMALE,22,22,Australia,English,Mobile Apps,4,4,20,,2.6,0,,73%,,
FL250449,Amanda Jacobs,F,FEMALE,55,55,Egypt,Arabic,AI,3,3,100,,2.6,1,,73%,,
FL250450,Karen Mercer,female,FEMALE,54,54,Argentina,Spanish,Machine Learning,,9,30,2.9,2.9,TRUE,,78%,,
FL250451,Lindsay Hudson,f,FEMALE,36,36,Netherlands,Dutch,Cybersecurity,11,11,$30,0,0,TRUE,,63%,,
FL250452,Stephanie Armstrong,female,FEMALE,36,36,Netherlands,Dutch,AI,17,17,50,1.3,1.3,,,64%,,
FL250453,Dr. Jessica Campbell,f,FEMALE,25,25,Argentina,Spanish,Web Development,1,1,75,0,0,1,,,,
FL250454,Curtis Maxwell,Male,MALE,46,46,Indonesia,Indonesian,AI,16,16,20,4.8,4.8,1,,86%,,
FL250455,Adam Kelly PhD,M,MALE,41,41,Argentina,Spanish,Machine Learning,11,11,$40,2.4,2.4,FALSE,,,,
FL250456,Julie Becker,FEMALE,FEMALE,21,21,Russia,Russian,Mobile Apps,3,3,$100,4.7,4.7,N,,96%,,
FL250457,James Moore,Male,MALE,29,29,United States,English,Graphic Design,,9,$75,2,2,0,,,,
FL250458,Danielle Barrera,F,FEMALE,44,44,United States,English,Mobile Apps,3,3,$50,2.2,2.2,0,,77%,,
FL250459,David Sanchez,Male,MALE,40,40,Canada,English,Machine Learning,1,1,100,2.1,2.1,1,,,,
FL250460,Tiffany Bowman,female,FEMALE,27,27,Egypt,Arabic,Data Analysis,1,1,30,1.7,1.7,FALSE,,65%,,
FL250461,Jesus Quinn,MALE,MALE,53,53,France,French,Mobile Apps,35,35,,5,5,1,,62%,,
FL250462,Mr. Danny Morris DDS,male,MALE,20,20,Turkey,Turkish,Data Analysis,1,1,50,2.9,2.9,no,,81%,,
FL250463,Nicole York,female,FEMALE,41,,Japan,Japanese,DevOps,12,12,$50,4.1,4.1,Y,,62%,,
FL250464,John Mathis,male,MALE,26,26,Mexico,Spanish,Web Development,8,8,40,4.9,4.9,N,,87%,,
FL250465,Julie Barnett,female,FEMALE,49,49,Brazil,Portuguese,Machine Learning,13,13,$100,2.5,2.5,FALSE,,,,
FL250466,Jasmine Harris,F,FEMALE,20,20,Egypt,Arabic,Data Analysis,0,0,USD 30,0,0,1,,76,,
FL250467,Mary Henry,female,FEMALE,39,39,China,Mandarin,Blockchain Development,11,11,100,2.8,2.8,,,70,,
FL250468,Judith Riggs,F,FEMALE,41,41,China,Mandarin,Machine Learning,19,19,100,3.8,3.8,yes,,71%,,
FL250469,Justin Ruiz,Male,MALE,59,59,Canada,English,Mobile Apps,30,30,USD 30,4.3,4.3,1,,83%,,
FL250470,Jennifer Sullivan,Female,FEMALE,45,45,Australia,English,Blockchain Development,8,8,40,0,0,0,,78,,
FL250471,Jesse Moran,MALE,MALE,22,22,Indonesia,Indonesian,Cybersecurity,0,0,40,1.3,1.3,1,,78%,,
FL250472,Monica Smith,f,FEMALE,48,48,India,Hindi,Mobile Apps,7,7,50,4.7,4.7,Y,,60%,,
FL250473,Ian May,MALE,MALE,36,36,France,French,Blockchain Development,11,11,$40,1.3,1.3,TRUE,,,,
FL250474,Kayla Meyers,FEMALE,FEMALE,57,57,China,Mandarin,Blockchain Development,,9,75,4.8,4.8,1,,,,
FL250475,John Bray,MALE,MALE,42,42,United States,English,UI/UX Design,14,14,$30,1.3,1.3,0,,94%,,
FL250476,James Smith,m,MALE,31,31,Indonesia,Indonesian,Cybersecurity,11,11,$50,4.3,4.3,0,,62,,
FL250477,Mark Duncan,M,MALE,52,52,Spain,Spanish,Cybersecurity,31,31,30,,2.6,1,,,,
FL250478,Matthew Gay,M,MALE,56,56,Netherlands,Dutch,DevOps,16,16,USD 30,0,0,yes,,,,
FL250479,Cheryl Freeman,Female,FEMALE,24,24,Netherlands,Dutch,DevOps,6,6,30,0,0,yes,,84%,,
FL250480,Patrick Welch,male,MALE,48,48,Canada,English,DevOps,21,21,75,2.7,2.7,1,,,,
FL250481,Craig Levine,Male,MALE,59,59,France,French,Cybersecurity,13,13,40,2.4,2.4,no,,65,,
FL250482,Richard Harvey,MALE,MALE,41,,United Kingdom,English,Web Development,,9,40,1.9,1.9,1,,94%,,
FL250483,Bonnie Sherman,female,FEMALE,41,,Netherlands,Dutch,Mobile Apps,11,11,$20,3.6,3.6,no,,69%,,
FL250484,Keith Trujillo,m,MALE,25,25,Netherlands,Dutch,Mobile Apps,0,0,50,2.9,2.9,yes,,65%,,
FL250485,Corey Combs,male,MALE,31,31,Egypt,Arabic,Mobile Apps,2,2,$75,2.8,2.8,FALSE,,60%,,
FL250486,Antonio King,MALE,MALE,40,40,Turkey,Turkish,DevOps,12,12,75,2.6,2.6,FALSE,,,,
FL250487,Amy Lee,f,FEMALE,48,48,Russia,Russian,Blockchain Development,13,13,$100,2.7,2.7,,,62%,,
FL250488,Jennifer Rogers,f,FEMALE,24,24,South Africa,Afrikaans,Mobile Apps,6,6,30,1.1,1.1,yes,,,,
FL250489,Jeffrey Cooper,MALE,MALE,33,33,Indonesia,Indonesian,Web Development,10,10,USD 30,0,0,yes,,89%,,
FL250490,Allison Williams,Female,FEMALE,43,43,Brazil,Portuguese,UI/UX Design,2,2,$40,0,0,yes,,89%,,
FL250491,Raymond Sherman,M,MALE,43,43,Spain,Spanish,Blockchain Development,4,4,50,0,0,TRUE,,100%,,
FL250492,Jennifer Nelson,FEMALE,FEMALE,33,33,Australia,English,Web Development,11,11,,4.6,4.6,yes,,,,
FL250493,Jennifer Carter,FEMALE,FEMALE,49,49,Russia,Russian,UI/UX Design,14,14,40,1.5,1.5,,,60%,,
FL250494,Todd Williams,m,MALE,55,55,Canada,English,UI/UX Design,10,10,40,2,2,no,,85%,,
FL250495,Emily Horton,F,FEMALE,33,33,South Korea,Korean,Graphic Design,3,3,$40,1.6,1.6,,,83%,,
FL250496,Lance Lester,Male,MALE,32,32,Argentina,Spanish,AI,3,3,$30,1.5,1.5,N,,96%,,
FL250497,Kevin Flores,m,MALE,58,58,Netherlands,Dutch,Blockchain Development,33,33,,4.1,4.1,Y,,83%,,
FL250498,Aaron Stewart PhD,male,MALE,49,49,Indonesia,Indonesian,Data Analysis,24,24,100,4.7,4.7,0,,60%,,
FL250499,Robin Moore,Female,FEMALE,22,22,Russia,Russian,UI/UX Design,3,3,USD 100,3.6,3.6,1,,78%,,
FL250500,Suzanne Ingram,f,FEMALE,40,40,Egypt,Arabic,Web Development,11,11,$20,1.8,1.8,1,,90%,,
FL250501,Jacob Mclaughlin,m,MALE,55,55,Australia,English,Data Analysis,7,7,USD 100,2.1,2.1,0,,66%,,
FL250502,Michael Nunez,M,MALE,32,32,Mexico,Spanish,DevOps,1,1,$50,,2.6,yes,,70%,,
FL250503,Isabel Brown,FEMALE,FEMALE,21,21,Japan,Japanese,UI/UX Design,0,0,USD 30,4.2,4.2,yes,,79%,,
FL250504,Michael Stein,M,MALE,23,23,South Korea,Korean,Blockchain Development,1,1,40,0,0,0,,64%,,
FL250505,Robert Stone,Male,MALE,21,21,United Kingdom,English,Mobile Apps,1,1,USD 30,1,1,N,,81%,,
FL250506,Dillon Henry,Male,MALE,31,31,Argentina,Spanish,AI,7,7,75,4.4,4.4,0,,83%,,
FL250507,James Todd,M,MALE,21,21,Mexico,Spanish,Blockchain Development,,9,40,4,4,0,,91%,,
FL250508,Clifford Moore MD,male,MALE,33,33,United Kingdom,English,Cybersecurity,6,6,USD 50,3.1,3.1,N,,,,
FL250509,John Rios,m,MALE,57,57,Brazil,Portuguese,Web Development,5,5,75,1.1,1.1,TRUE,,77%,,
FL250510,Anthony Gaines,m,MALE,52,52,United States,English,DevOps,17,17,USD 75,0,0,0,,94%,,
FL250511,Kristi Brown DVM,Female,FEMALE,21,21,Germany,German,Web Development,0,0,$20,3.8,3.8,1,,61%,,
FL250512,Ashley Odonnell,FEMALE,FEMALE,36,36,Argentina,Spanish,UI/UX Design,8,8,100,1.7,1.7,N,,68%,,
FL250513,Ronald Elliott,male,MALE,33,33,Spain,Spanish,Machine Learning,13,13,50,2.2,2.2,N,,70%,,
FL250514,Lorraine Lowery,F,FEMALE,54,54,United Kingdom,English,Data Analysis,15,15,40,4.1,4.1,TRUE,,71,,
FL250515,Victoria Chapman,female,FEMALE,33,33,United States,English,Blockchain Development,2,2,USD 100,3.8,3.8,FALSE,,,,
FL250516,Heather Davis,female,FEMALE,36,36,Japan,Japanese,Machine Learning,9,9,$30,0,0,yes,,78%,,
FL250517,Diana Chase,FEMALE,FEMALE,36,36,Turkey,Turkish,AI,3,3,USD 50,0,0,no,,75,,
FL250518,Danielle Adkins,F,FEMALE,43,43,China,Mandarin,AI,15,15,$20,4.2,4.2,TRUE,,91%,,
FL250519,Kenneth Arias,Male,MALE,52,52,United Kingdom,English,Data Analysis,21,21,USD 75,2.2,2.2,1,,66%,,
FL250520,Victoria Owen,F,FEMALE,28,28,Indonesia,Indonesian,Cybersecurity,2,2,USD 75,1.5,1.5,1,,68%,,
FL250521,Christina King,Female,FEMALE,47,47,China,Mandarin,Cybersecurity,21,21,$100,0,0,N,,,,
FL250522,Samantha King,female,FEMALE,30,30,France,French,DevOps,0,0,USD 100,4.1,4.1,0,,62%,,
FL250523,Scott Compton,m,MALE,36,36,Egypt,Arabic,Blockchain Development,4,4,40,2.6,2.6,no,,90%,,
FL250524,Monica West,FEMALE,FEMALE,45,45,United States,English,UI/UX Design,23,23,100,2.4,2.4,FALSE,,96%,,
FL250525,Theresa Stewart,F,FEMALE,51,51,United States,English,Blockchain Development,25,25,50,1.4,1.4,Y,,60%,,
FL250526,Steven Kim,m,MALE,46,46,Turkey,Turkish,Mobile Apps,10,10,,4.6,4.6,Y,,62%,,
FL250527,Kristi Knight,FEMALE,FEMALE,38,38,Italy,Italian,Data Analysis,18,18,USD 40,4.9,4.9,FALSE,,74%,,
FL250528,Jason Bryant,Male,MALE,26,26,Spain,Spanish,Blockchain Development,1,1,$20,0,0,1,,,,
FL250529,Maureen Keith,Female,FEMALE,40,40,United Kingdom,English,DevOps,12,12,30,3.5,3.5,,,98%,,
FL250530,Shawn Hogan,Male,MALE,37,37,Germany,German,Machine Learning,,9,,1.7,1.7,yes,,63%,,
FL250531,William Davis,M,MALE,28,28,Canada,English,Blockchain Development,5,5,$50,0,0,yes,,96,,
FL250532,Stacy Bailey,female,FEMALE,48,48,India,Hindi,Mobile Apps,28,28,USD 20,0,0,0,,88%,,
FL250533,Thomas Dixon,MALE,MALE,22,22,India,Hindi,AI,0,0,,4.6,4.6,FALSE,,,,
FL250534,Maria Hall,female,FEMALE,41,41,Germany,German,Web Development,14,14,40,1.1,1.1,TRUE,,73%,,
FL250535,Tony Lee,MALE,MALE,38,38,United States,English,Graphic Design,15,15,,4.2,4.2,0,,88%,,
FL250536,Catherine Mccoy MD,FEMALE,FEMALE,31,31,South Africa,Afrikaans,UI/UX Design,9,9,,0,0,FALSE,,91%,,
FL250537,Maria Benitez,F,FEMALE,30,30,China,Mandarin,Mobile Apps,9,9,$30,3.9,3.9,no,,65%,,
FL250538,Joshua Chambers,MALE,MALE,51,51,Mexico,Spanish,UI/UX Design,22,22,20,3.4,3.4,TRUE,,90,,
FL250539,Janice Daniels,f,FEMALE,21,21,Germany,German,DevOps,0,0,$20,2.6,2.6,N,,72%,,
FL250540,Carla Wood,FEMALE,FEMALE,20,20,Italy,Italian,DevOps,1,1,USD 40,2.3,2.3,1,,72%,,
FL250541,Kenneth Vasquez,Male,MALE,30,30,Japan,Japanese,Blockchain Development,5,5,$30,4.8,4.8,N,,,,
FL250542,Kevin Smith,MALE,MALE,41,41,China,Mandarin,Data Analysis,0,0,USD 40,4.5,4.5,N,,68%,,
FL250543,Thomas Kim,Male,MALE,22,22,Spain,Spanish,Blockchain Development,0,0,$30,0,0,0,,87%,,
FL250544,Sean Park,MALE,MALE,45,45,Mexico,Spanish,Cybersecurity,19,19,75,0,0,no,,72%,,
FL250545,Judith Poole,Female,FEMALE,22,22,Australia,English,Data Analysis,2,2,40,1.1,1.1,no,,76%,,
FL250546,Melanie Baird,f,FEMALE,20,20,Turkey,Turkish,Mobile Apps,0,0,100,0,0,0,,63,,
FL250547,Erika Mitchell,FEMALE,FEMALE,20,20,Canada,English,Data Analysis,2,2,40,,2.6,1,,91%,,
FL250548,Ricky Martinez,M,MALE,21,21,United Kingdom,English,AI,0,0,100,,2.6,0,,73%,,
FL250549,John Christian,Male,MALE,22,22,Netherlands,Dutch,Cybersecurity,1,1,40,0,0,0,,63%,,
FL250550,Nancy Smith,F,FEMALE,28,28,United Kingdom,English,DevOps,3,3,USD 20,,2.6,1,,79%,,
FL250551,Cassandra Stephens,F,FEMALE,59,59,Argentina,Spanish,AI,,9,20,4.1,4.1,0,,75,,
FL250552,Miss Janet Donovan MD,female,FEMALE,28,28,France,French,Web Development,1,1,,0,0,0,,70%,,
FL250553,Kristina Williams,F,FEMALE,40,40,Australia,English,DevOps,0,0,$100,1.2,1.2,,,87%,,
FL250554,Wayne Barnes,M,MALE,57,57,Italy,Italian,Blockchain Development,7,7,30,1.6,1.6,no,,,,
FL250555,James Hinton,MALE,MALE,47,47,Turkey,Turkish,DevOps,1,1,50,3.9,3.9,Y,,88%,,
FL250556,David Spence,male,MALE,48,48,South Korea,Korean,Cybersecurity,21,21,40,0,0,1,,,,
FL250557,Tyler Cooper,Male,MALE,28,28,United States,English,UI/UX Design,1,1,USD 20,4.7,4.7,FALSE,,93%,,
FL250558,Sean Martinez,M,MALE,41,41,Turkey,Turkish,Graphic Design,15,15,,3.8,3.8,1,,,,
FL250559,Janet Barron,f,FEMALE,57,57,South Africa,Afrikaans,Cybersecurity,33,33,100,3.5,3.5,no,,74%,,
FL250560,Rodney Wilson,male,MALE,60,60,Argentina,Spanish,Graphic Design,39,39,USD 75,4,4,,,70%,,
FL250561,Kimberly Fitzgerald,female,FEMALE,48,48,Egypt,Arabic,Graphic Design,21,21,30,1.6,1.6,Y,,67%,,
FL250562,Nicole Davis,Female,FEMALE,24,24,France,French,Cybersecurity,5,5,40,3,3,no,,86%,,
FL250563,Elizabeth Hayes,FEMALE,FEMALE,33,33,Mexico,Spanish,DevOps,11,11,50,5,5,yes,,69%,,
FL250564,Kathy Faulkner,FEMALE,FEMALE,20,20,Turkey,Turkish,Graphic Design,0,0,30,4.8,4.8,yes,,68%,,
FL250565,John Gonzales,MALE,MALE,59,59,United Kingdom,English,DevOps,15,15,$50,,2.6,no,,,,
FL250566,Shannon Luna,female,FEMALE,42,42,China,Mandarin,DevOps,22,22,,2.9,2.9,0,,61%,,
FL250567,Stephanie Burton,FEMALE,FEMALE,22,22,Turkey,Turkish,UI/UX Design,3,3,,3,3,TRUE,,96%,,
FL250568,Kevin Gonzales,M,MALE,41,41,Canada,English,Cybersecurity,11,11,50,3.5,3.5,1,,68%,,
FL250569,Dawn Hardy,Female,FEMALE,25,25,Argentina,Spanish,Web Development,5,5,40,,2.6,TRUE,,75%,,
FL250570,Margaret Perkins,f,FEMALE,38,38,Canada,English,UI/UX Design,3,3,40,4.7,4.7,0,,69%,,
FL250571,Amanda Vargas,female,FEMALE,43,43,United States,English,DevOps,1,1,,2.9,2.9,no,,78%,,
FL250572,Tonya Gonzalez,F,FEMALE,54,54,Mexico,Spanish,AI,1,1,75,4.4,4.4,Y,,,,
FL250573,Elizabeth Bowman,F,FEMALE,31,31,Indonesia,Indonesian,Mobile Apps,2,2,40,2.3,2.3,N,,98%,,
FL250574,Ariana Pittman,f,FEMALE,56,56,Mexico,Spanish,AI,3,3,$30,3.7,3.7,,,83%,,
FL250575,Antonio Johnson,MALE,MALE,46,46,Mexico,Spanish,Graphic Design,11,11,,1.8,1.8,1,,91%,,
FL250576,Justin Lang,Male,MALE,60,60,Egypt,Arabic,AI,,9,100,0,0,1,,96%,,
FL250577,Kelli Ramirez,F,FEMALE,28,28,South Korea,Korean,Graphic Design,2,2,USD 50,,2.6,1,,85%,,
FL250578,Deborah Torres,F,FEMALE,43,43,Indonesia,Indonesian,Web Development,20,20,USD 30,2.7,2.7,FALSE,,72%,,
FL250579,Joseph Horn,MALE,MALE,41,41,France,French,Web Development,11,11,$20,4.7,4.7,,,69%,,
FL250580,Christopher Robinson,male,MALE,41,41,United Kingdom,English,DevOps,0,0,$20,3.1,3.1,0,,90,,
FL250581,Sandra Mccormick,F,FEMALE,40,40,United Kingdom,English,Mobile Apps,20,20,20,2.3,2.3,0,,92%,,
FL250582,Michael Holland,Male,MALE,45,45,Germany,German,DevOps,3,3,USD 20,1.3,1.3,Y,,91%,,
FL250583,Kenneth Stevenson,MALE,MALE,47,47,Egypt,Arabic,DevOps,28,28,USD 50,2.9,2.9,TRUE,,,,
FL250584,Timothy Bennett,m,MALE,34,34,India,Hindi,Data Analysis,0,0,40,3.3,3.3,0,,98%,,
FL250585,Gregory Randall,M,MALE,47,47,United States,English,UI/UX Design,4,4,USD 20,4.2,4.2,,,82%,,
FL250586,Charles Martinez,M,MALE,32,32,Mexico,Spanish,UI/UX Design,9,9,USD 40,1.3,1.3,TRUE,,83%,,
FL250587,James Hall,M,MALE,28,28,United Kingdom,English,Mobile Apps,2,2,$100,4.4,4.4,TRUE,,,,
FL250588,Michael Garcia,m,MALE,32,32,Australia,English,DevOps,1,1,100,3.4,3.4,TRUE,,,,
FL250589,Michele Duran,F,FEMALE,49,49,Netherlands,Dutch,AI,2,2,$100,3.4,3.4,1,,85%,,
FL250590,Jessica Gray,f,FEMALE,36,36,Argentina,Spanish,Mobile Apps,16,16,USD 20,3.2,3.2,,,,,
FL250591,Keith Shaffer,M,MALE,59,59,Mexico,Spanish,Blockchain Development,22,22,USD 20,3.6,3.6,N,,63%,,
FL250592,Jessica Decker,female,FEMALE,52,52,Canada,English,Cybersecurity,22,22,$20,0,0,0,,,,
FL250593,Brianna Pittman,female,FEMALE,24,24,China,Mandarin,Blockchain Development,5,5,40,1.8,1.8,1,,86%,,
FL250594,Kimberly Hunter,FEMALE,FEMALE,26,26,Australia,English,Graphic Design,2,2,USD 75,2.5,2.5,yes,,60,,
FL250595,Daniel Martin,M,MALE,55,55,Canada,English,Cybersecurity,24,24,40,2,2,1,,88,,
FL250596,Rachel Smith,FEMALE,FEMALE,56,56,Italy,Italian,Mobile Apps,37,37,40,0,0,N,,70%,,
FL250597,Michael Miller,m,MALE,36,36,France,French,Graphic Design,3,3,USD 50,1.3,1.3,1,,77%,,
FL250598,Willie Clark,M,MALE,48,48,Argentina,Spanish,Web Development,18,18,75,0,0,0,,80%,,
FL250599,Jeremy Hernandez,Male,MALE,55,55,Egypt,Arabic,Machine Learning,6,6,$40,3.6,3.6,Y,,,,
FL250600,Tina Shelton,female,FEMALE,56,56,Spain,Spanish,DevOps,17,17,,1.3,1.3,,,87%,,
FL250601,Dr. Pamela Larson,Female,FEMALE,28,28,Canada,English,Blockchain Development,1,1,75,2.7,2.7,TRUE,,93%,,
FL250602,Ryan Ewing,male,MALE,60,60,United States,English,AI,39,39,USD 100,1.5,1.5,,,88,,
FL250603,Mark Cochran,male,MALE,34,34,South Korea,Korean,Blockchain Development,15,15,20,0,0,0,,100%,,
FL250604,Martha Carson,female,FEMALE,38,38,Indonesia,Indonesian,AI,13,13,$40,0,0,1,,61,,
FL250605,Heather Jackson,FEMALE,FEMALE,51,51,South Korea,Korean,Web Development,17,17,100,3,3,FALSE,,79%,,
FL250606,Megan Young,f,FEMALE,21,21,Japan,Japanese,Mobile Apps,1,1,30,1.2,1.2,,,73%,,
FL250607,Thomas Davis,M,MALE,35,35,Italy,Italian,UI/UX Design,16,16,,1.3,1.3,1,,64%,,
FL250608,Thomas Mooney,M,MALE,27,27,Brazil,Portuguese,Web Development,9,9,$100,,2.6,TRUE,,,,
FL250609,Susan Smith,FEMALE,FEMALE,42,42,Turkey,Turkish,Mobile Apps,20,20,USD 50,3.8,3.8,N,,93%,,
FL250610,Brianna Orr,F,FEMALE,52,52,Canada,English,Blockchain Development,29,29,30,3.8,3.8,0,,68%,,
FL250611,Dustin Smith,male,MALE,53,53,South Korea,Korean,Web Development,21,21,40,4.7,4.7,1,,62%,,
FL250612,Sarah White,FEMALE,FEMALE,54,54,Italy,Italian,Mobile Apps,28,28,USD 40,1.1,1.1,no,,,,
FL250613,Michael Davis,MALE,MALE,51,51,Japan,Japanese,Graphic Design,5,5,50,4.2,4.2,1,,82%,,
FL250614,Jennifer Phillips,f,FEMALE,30,30,South Korea,Korean,Web Development,0,0,,0,0,0,,,,
FL250615,Dana Sanders,Female,FEMALE,45,45,Netherlands,Dutch,Machine Learning,27,27,USD 75,0,0,,,85%,,
FL250616,Daniel Quinn,male,MALE,57,57,Indonesia,Indonesian,Graphic Design,26,26,USD 100,2.4,2.4,1,,78%,,
FL250617,Matthew Steele,Male,MALE,38,38,Turkey,Turkish,Blockchain Development,19,19,40,0,0,1,,86%,,
FL250618,Michele Taylor,FEMALE,FEMALE,42,42,Russia,Russian,DevOps,24,24,USD 40,,2.6,FALSE,,88%,,
FL250619,Ashley Hammond,Female,FEMALE,30,30,South Africa,Afrikaans,DevOps,7,7,30,3.3,3.3,,,68%,,
FL250620,Nicole Taylor,female,FEMALE,43,43,Australia,English,Web Development,13,13,$100,1.4,1.4,1,,97%,,
FL250621,Casey Bush,Male,MALE,22,22,Egypt,Arabic,UI/UX Design,2,2,$75,1.7,1.7,no,,91%,,
FL250622,Samuel Patterson,M,MALE,57,57,Mexico,Spanish,Machine Learning,37,37,30,4.8,4.8,FALSE,,,,
FL250623,Craig Dennis,MALE,MALE,44,44,United Kingdom,English,Graphic Design,1,1,,4.8,4.8,N,,97%,,
FL250624,Heidi Dixon,female,FEMALE,46,46,China,Mandarin,DevOps,5,5,USD 30,2,2,yes,,64%,,
FL250625,David Bishop,Male,MALE,41,,Spain,Spanish,Blockchain Development,1,1,USD 50,2.8,2.8,no,,87%,,
FL250626,Laura Butler,Female,FEMALE,34,34,Australia,English,Data Analysis,2,2,100,0,0,0,,86,,
FL250627,Denise Erickson,F,FEMALE,46,46,Italy,Italian,Mobile Apps,,9,$100,4.4,4.4,1,,97,,
FL250628,Nicole Austin,f,FEMALE,22,22,France,French,Blockchain Development,0,0,USD 30,4.9,4.9,FALSE,,73%,,
FL250629,Summer Williams,female,FEMALE,23,23,South Africa,Afrikaans,AI,0,0,USD 75,2.3,2.3,,,60%,,
FL250630,Angela Blackwell,F,FEMALE,60,60,Turkey,Turkish,Web Development,41,41,$40,4.9,4.9,1,,66,,
FL250631,Thomas Wall,m,MALE,20,20,Canada,English,DevOps,,9,$75,4.3,4.3,0,,90%,,
FL250632,Sarah Anderson,f,FEMALE,41,41,South Korea,Korean,UI/UX Design,23,23,$75,1.4,1.4,0,,,,
FL250633,Christian Lane,m,MALE,24,24,France,French,Mobile Apps,0,0,100,,2.6,no,,,,
FL250634,Todd Casey,m,MALE,44,44,Netherlands,Dutch,Machine Learning,4,4,,1.3,1.3,yes,,77,,
FL250635,David Martinez,MALE,MALE,52,52,China,Mandarin,UI/UX Design,4,4,75,2.3,2.3,1,,79%,,
FL250636,Donald Salas,M,MALE,35,35,Spain,Spanish,Machine Learning,13,13,40,3.6,3.6,0,,83%,,
FL250637,Emma Hicks,Female,FEMALE,24,24,Netherlands,Dutch,DevOps,2,2,$50,,2.6,N,,64%,,
FL250638,Alison Clark,FEMALE,FEMALE,46,46,Australia,English,Cybersecurity,25,25,$100,1.3,1.3,no,,80%,,
FL250639,Andrew Barnes,M,MALE,57,57,Mexico,Spanish,Mobile Apps,18,18,USD 30,1.1,1.1,FALSE,,90%,,
FL250640,Gina Snyder,F,FEMALE,49,49,Mexico,Spanish,Web Development,24,24,$50,0,0,0,,94%,,
FL250641,David Watson,MALE,MALE,41,41,Japan,Japanese,AI,7,7,40,1.8,1.8,FALSE,,70%,,
FL250642,John Davis,male,MALE,22,22,Mexico,Spanish,Machine Learning,1,1,USD 20,,2.6,yes,,75%,,
FL250643,Joseph Thomas,male,MALE,50,50,Australia,English,Blockchain Development,17,17,75,3.3,3.3,1,,69%,,
FL250644,Dean Finley,male,MALE,57,57,Germany,German,Graphic Design,4,4,USD 30,4.2,4.2,0,,,,
FL250645,Ashley Kemp,FEMALE,FEMALE,47,47,Mexico,Spanish,AI,29,29,$50,,2.6,1,,79%,,
FL250646,Kenneth Evans,M,MALE,24,24,South Africa,Afrikaans,Data Analysis,2,2,$100,3.8,3.8,1,,71%,,
FL250647,Brandon Newman,male,MALE,41,,India,Hindi,Cybersecurity,9,9,100,4.8,4.8,Y,,72%,,
FL250648,Katie Hensley,FEMALE,FEMALE,50,50,Germany,German,DevOps,10,10,$100,4.3,4.3,N,,93%,,
FL250649,Joel Randolph,M,MALE,46,46,Brazil,Portuguese,Machine Learning,20,20,,4.8,4.8,1,,82%,,
FL250650,Andrew Scott,male,MALE,51,51,Australia,English,Cybersecurity,9,9,$40,,2.6,N,,60,,
FL250651,Zachary Ochoa,MALE,MALE,51,51,United Kingdom,English,AI,12,12,20,4,4,0,,93,,
FL250652,John Arroyo,m,MALE,27,27,United Kingdom,English,AI,3,3,USD 50,,2.6,FALSE,,,,
FL250653,Matthew Fernandez,MALE,MALE,42,42,Spain,Spanish,Web Development,13,13,30,0,0,FALSE,,74%,,
FL250654,Benjamin Stark,MALE,MALE,25,25,Germany,German,UI/UX Design,4,4,$40,2.3,2.3,yes,,73,,
FL250655,Tammy Greer,Female,FEMALE,32,32,Germany,German,Data Analysis,9,9,75,,2.6,N,,96%,,
FL250656,Cynthia Mckinney,female,FEMALE,59,59,Canada,English,Graphic Design,14,14,30,3.8,3.8,,,66%,,
FL250657,Wendy Rice,FEMALE,FEMALE,59,59,France,French,Cybersecurity,37,37,30,4,4,FALSE,,62%,,
FL250658,Randy Bender,Male,MALE,29,29,Germany,German,Graphic Design,2,2,USD 75,2.2,2.2,Y,,85%,,
FL250659,Richard Dominguez,MALE,MALE,58,58,China,Mandarin,AI,11,11,100,4.3,4.3,0,,66%,,
FL250660,Melissa Maldonado,f,FEMALE,56,56,Canada,English,Cybersecurity,19,19,20,0,0,0,,87%,,
FL250661,Leah Harris,F,FEMALE,36,36,United States,English,Machine Learning,9,9,20,0,0,1,,68,,
FL250662,Lynn French,Female,FEMALE,52,52,Canada,English,UI/UX Design,16,16,100,4,4,1,,,,
FL250663,Angela Johnson,Female,FEMALE,42,42,Netherlands,Dutch,Mobile Apps,8,8,USD 50,,2.6,,,,,
FL250664,Sarah Edwards,FEMALE,FEMALE,59,59,India,Hindi,Mobile Apps,34,34,100,2,2,1,,79%,,
FL250665,Roy Collins,male,MALE,33,33,Netherlands,Dutch,Mobile Apps,5,5,$50,4.7,4.7,1,,88%,,
FL250666,Samantha Porter,F,FEMALE,55,55,Canada,English,Web Development,14,14,USD 50,3.6,3.6,1,,81%,,
FL250667,Juan Elliott,male,MALE,47,47,South Korea,Korean,UI/UX Design,17,17,50,1.2,1.2,N,,,,
FL250668,Elizabeth Phillips,FEMALE,FEMALE,29,29,Mexico,Spanish,AI,10,10,,4.4,4.4,Y,,67%,,
FL250669,Laura Evans,Female,FEMALE,30,30,United Kingdom,English,DevOps,8,8,100,1.4,1.4,yes,,62,,
FL250670,Amanda Mitchell,FEMALE,FEMALE,25,25,Canada,English,DevOps,1,1,USD 30,3.2,3.2,0,,87%,,
FL250671,Sandra Williams,female,FEMALE,28,28,Egypt,Arabic,Cybersecurity,10,10,,3.8,3.8,yes,,98%,,
FL250672,Eric Johnson,male,MALE,29,29,South Korea,Korean,Blockchain Development,0,0,$75,1.5,1.5,TRUE,,64%,,
FL250673,Javier Hobbs,Male,MALE,30,30,Spain,Spanish,Graphic Design,4,4,,2.8,2.8,1,,71%,,
FL250674,Jacob Jones,male,MALE,47,47,Egypt,Arabic,AI,2,2,50,2.7,2.7,no,,96,,
FL250675,Zachary Murphy,MALE,MALE,34,34,Australia,English,Blockchain Development,10,10,$30,3.9,3.9,,,,,
FL250676,Joshua Owens,M,MALE,45,45,United States,English,Graphic Design,16,16,100,4.6,4.6,N,,78%,,
FL250677,Dawn Mitchell,F,FEMALE,56,56,Spain,Spanish,Cybersecurity,27,27,$20,2.2,2.2,FALSE,,70%,,
FL250678,Regina Dunn,female,FEMALE,49,49,China,Mandarin,DevOps,20,20,50,2.5,2.5,0,,82%,,
FL250679,Ernest Cole,MALE,MALE,48,48,France,French,AI,10,10,,3.1,3.1,FALSE,,,,
FL250680,Hannah Sanders,female,FEMALE,29,29,South Korea,Korean,Graphic Design,0,0,$20,,2.6,1,,99%,,
FL250681,Ellen Bowman,Female,FEMALE,49,49,Netherlands,Dutch,Web Development,11,11,75,3.8,3.8,Y,,93%,,
FL250682,Nancy Moore,FEMALE,FEMALE,22,22,China,Mandarin,Blockchain Development,1,1,100,4.8,4.8,Y,,75%,,
FL250683,Joseph Wood,m,MALE,52,52,Mexico,Spanish,Graphic Design,30,30,USD 100,2.5,2.5,,,61,,
FL250684,Michael Harrell,MALE,MALE,60,60,Canada,English,Blockchain Development,7,7,USD 30,0,0,no,,97%,,
FL250685,Connie Mcclain,F,FEMALE,33,33,Japan,Japanese,UI/UX Design,0,0,$100,1.7,1.7,1,,95,,
FL250686,Matthew Baldwin,M,MALE,52,52,South Korea,Korean,Graphic Design,21,21,USD 40,4,4,,,69%,,
FL250687,Danielle Nelson,f,FEMALE,25,25,Germany,German,DevOps,7,7,USD 100,1.9,1.9,FALSE,,63%,,
FL250688,Steven Moore,M,MALE,33,33,Japan,Japanese,Cybersecurity,,9,USD 30,4.4,4.4,TRUE,,65%,,
FL250689,Megan Hudson,f,FEMALE,33,33,China,Mandarin,Mobile Apps,,9,,4.2,4.2,Y,,90%,,
FL250690,Lisa Johnson,Female,FEMALE,52,52,Canada,English,UI/UX Design,25,25,100,4.8,4.8,N,,,,
FL250691,Tracy White,f,FEMALE,20,20,Indonesia,Indonesian,Web Development,1,1,USD 30,2,2,no,,89%,,
FL250692,Natalie Diaz,FEMALE,FEMALE,43,43,Russia,Russian,Data Analysis,7,7,USD 50,,2.6,1,,80%,,
FL250693,Amanda Mitchell,female,FEMALE,31,31,France,French,Mobile Apps,,9,50,1.4,1.4,no,,80%,,
FL250694,Karen Scott,FEMALE,FEMALE,29,29,Germany,German,Data Analysis,6,6,100,1.8,1.8,N,,,,
FL250695,Mary Brown,FEMALE,FEMALE,53,53,South Africa,Afrikaans,Graphic Design,35,35,,0,0,1,,67%,,
FL250696,Jon Jones,male,MALE,38,38,India,Hindi,Mobile Apps,1,1,USD 40,0,0,0,,96%,,
FL250697,Jason Phillips,Male,MALE,29,29,Spain,Spanish,Graphic Design,,9,20,0,0,0,,90%,,
FL250698,Eric Walsh,M,MALE,42,42,South Korea,Korean,UI/UX Design,0,0,,3.9,3.9,FALSE,,62%,,
FL250699,Carol Schneider,f,FEMALE,54,54,United States,English,Machine Learning,9,9,100,,2.6,N,,72%,,
FL250700,Juan Hines,MALE,MALE,56,56,China,Mandarin,UI/UX Design,18,18,USD 50,4.4,4.4,Y,,83%,,
FL250701,Martha Sweeney,f,FEMALE,47,47,Turkey,Turkish,Graphic Design,22,22,100,4.4,4.4,no,,70%,,
FL250702,Jason Weaver,m,MALE,45,45,Russia,Russian,Blockchain Development,25,25,50,0,0,no,,99,,
FL250703,Benjamin Stevens,M,MALE,45,45,China,Mandarin,Data Analysis,6,6,50,1.4,1.4,,,97,,
FL250704,Daniel Lopez,M,MALE,35,35,Canada,English,Machine Learning,10,10,20,3.2,3.2,TRUE,,77%,,
FL250705,John Simpson,male,MALE,51,51,Canada,English,DevOps,4,4,USD 50,2,2,no,,92%,,
FL250706,Katrina Schultz,F,FEMALE,34,34,Spain,Spanish,Mobile Apps,11,11,50,3.3,3.3,yes,,76%,,
FL250707,Danielle Bell,FEMALE,FEMALE,51,51,Indonesia,Indonesian,Graphic Design,1,1,$50,0,0,Y,,97%,,
FL250708,Jason Brady,M,MALE,58,58,Egypt,Arabic,Graphic Design,35,35,USD 100,2.3,2.3,Y,,,,
FL250709,Megan Bright,f,FEMALE,36,36,Netherlands,Dutch,Web Development,17,17,$20,0,0,1,,99,,
FL250710,David Griffin,MALE,MALE,41,,Russia,Russian,AI,12,12,30,2.6,2.6,Y,,,,
FL250711,Michael Clark,M,MALE,56,56,South Africa,Afrikaans,Machine Learning,30,30,40,3.3,3.3,yes,,82%,,
FL250712,Rebecca Barker,f,FEMALE,58,58,Canada,English,Cybersecurity,20,20,75,3.6,3.6,yes,,78%,,
FL250713,Angela Smith,f,FEMALE,58,58,United States,English,Cybersecurity,22,22,100,3.7,3.7,0,,,,
FL250714,Christina Wright,F,FEMALE,54,54,United Kingdom,English,AI,32,32,$20,3.4,3.4,no,,,,
FL250715,Todd Turner,male,MALE,53,53,Australia,English,UI/UX Design,9,9,50,4,4,Y,,72%,,
FL250716,Elizabeth Green,Female,FEMALE,43,43,Australia,English,Web Development,22,22,40,4.5,4.5,,,,,
FL250717,Alex Smith,M,MALE,44,44,South Korea,Korean,Machine Learning,1,1,75,4.3,4.3,1,,,,
FL250718,Shane Hale,M,MALE,34,34,Canada,English,Cybersecurity,4,4,75,4,4,1,,,,
FL250719,Kathy Grimes,female,FEMALE,27,27,Brazil,Portuguese,Mobile Apps,8,8,$50,1.6,1.6,yes,,,,
FL250720,David Cherry,m,MALE,50,50,Japan,Japanese,Data Analysis,3,3,100,0,0,Y,,,,
FL250721,Rachel Rogers,female,FEMALE,52,52,South Korea,Korean,UI/UX Design,30,30,75,,2.6,no,,94%,,
FL250722,Travis Braun,MALE,MALE,57,57,Spain,Spanish,Blockchain Development,11,11,USD 20,4.9,4.9,Y,,,,
FL250723,Shawna Palmer,female,FEMALE,53,53,Mexico,Spanish,DevOps,8,8,20,2.8,2.8,TRUE,,,,
FL250724,Bradley Gaines,m,MALE,51,51,Turkey,Turkish,UI/UX Design,11,11,USD 30,3.6,3.6,Y,,77%,,
FL250725,April Ford,FEMALE,FEMALE,37,37,Canada,English,Cybersecurity,9,9,$50,,2.6,yes,,84,,
FL250726,James Gonzalez,MALE,MALE,40,40,Spain,Spanish,Web Development,7,7,40,4.5,4.5,,,79,,
FL250727,John Castillo,m,MALE,60,60,Japan,Japanese,Data Analysis,24,24,USD 40,3.1,3.1,0,,69%,,
FL250728,Ian Hayes,M,MALE,60,60,France,French,UI/UX Design,0,0,40,4.9,4.9,Y,,68%,,
FL250729,Christine Castro,Female,FEMALE,53,53,South Korea,Korean,UI/UX Design,21,21,$30,4.2,4.2,1,,73,,
FL250730,Jessica Chaney,Female,FEMALE,20,20,Mexico,Spanish,Blockchain Development,0,0,75,3.2,3.2,1,,74%,,
FL250731,John Gray,MALE,MALE,42,42,Russia,Russian,Web Development,7,7,USD 20,,2.6,FALSE,,100%,,
FL250732,Shane Booker,M,MALE,21,21,United Kingdom,English,Mobile Apps,3,3,40,0,0,0,,87%,,
FL250733,Kyle Hall,m,MALE,39,39,Germany,German,Web Development,21,21,100,2.2,2.2,0,,79%,,
FL250734,Ronald Munoz,m,MALE,32,32,India,Hindi,Blockchain Development,,9,30,1.5,1.5,0,,68%,,
FL250735,Christopher Long,M,MALE,35,35,Germany,German,Data Analysis,,9,USD 100,,2.6,0,,84%,,
FL250736,Sandra Ali,f,FEMALE,35,35,France,French,UI/UX Design,17,17,50,3.1,3.1,0,,71%,,
FL250737,Jessica Garza,FEMALE,FEMALE,23,23,Argentina,Spanish,UI/UX Design,0,0,75,0,0,no,,92%,,
FL250738,Gregory Waters,M,MALE,26,26,Netherlands,Dutch,AI,6,6,USD 100,,2.6,no,,69%,,
FL250739,Misty Adams,F,FEMALE,34,34,Canada,English,Machine Learning,3,3,,0,0,1,,71%,,
FL250740,Megan Brown,Female,FEMALE,34,34,Germany,German,Blockchain Development,3,3,,,2.6,FALSE,,77%,,
FL250741,Gregory Brown,m,MALE,57,57,Italy,Italian,Web Development,31,31,50,3,3,TRUE,,87%,,
FL250742,Scott Alexander MD,MALE,MALE,46,46,Canada,English,Web Development,5,5,$30,2.6,2.6,no,,76%,,
FL250743,Eric Nguyen,male,MALE,55,55,India,Hindi,AI,37,37,USD 75,4.1,4.1,no,,,,
FL250744,Wendy Boyer,FEMALE,FEMALE,32,32,Australia,English,DevOps,10,10,USD 50,1.5,1.5,FALSE,,65%,,
FL250745,Mark Clark,M,MALE,53,53,Indonesia,Indonesian,AI,28,28,USD 50,2.9,2.9,yes,,82%,,
FL250746,Carl Kline,male,MALE,59,59,Mexico,Spanish,AI,0,0,100,0,0,Y,,87,,
FL250747,Linda Williams,F,FEMALE,44,44,Netherlands,Dutch,Machine Learning,19,19,$40,4.9,4.9,N,,100%,,
FL250748,Jason Edwards,Male,MALE,35,35,Egypt,Arabic,Blockchain Development,9,9,USD 50,3,3,N,,71,,
FL250749,Madison Mcintosh,f,FEMALE,42,42,China,Mandarin,Machine Learning,5,5,30,4.9,4.9,1,,87,,
FL250750,Desiree Winters,f,FEMALE,58,58,South Korea,Korean,Blockchain Development,0,0,USD 30,4.6,4.6,0,,70,,
FL250751,Ryan Taylor,MALE,MALE,41,41,Netherlands,Dutch,AI,21,21,USD 100,2.2,2.2,1,,83%,,
FL250752,Patricia Scott,female,FEMALE,41,,Argentina,Spanish,Web Development,0,0,40,,2.6,Y,,74%,,
FL250753,Erin Jimenez,FEMALE,FEMALE,23,23,Canada,English,Blockchain Development,0,0,30,1.1,1.1,yes,,86%,,
FL250754,Anthony Krause,M,MALE,51,51,China,Mandarin,Blockchain Development,17,17,40,4.5,4.5,1,,72%,,
FL250755,Diane Dean,FEMALE,FEMALE,42,42,France,French,AI,21,21,,2.5,2.5,TRUE,,73%,,
FL250756,Stuart Mckinney,MALE,MALE,26,26,Japan,Japanese,Data Analysis,7,7,USD 75,2.9,2.9,0,,78%,,
FL250757,Kellie Le,f,FEMALE,49,49,Indonesia,Indonesian,AI,22,22,75,0,0,TRUE,,,,
FL250758,Lauren Henry,female,FEMALE,37,37,Italy,Italian,DevOps,,9,USD 75,3.5,3.5,N,,75%,,
FL250759,Brandon Fox,M,MALE,31,31,Australia,English,AI,1,1,40,4.5,4.5,0,,96%,,
FL250760,Richard Smith,MALE,MALE,51,51,South Korea,Korean,Mobile Apps,5,5,USD 40,1.7,1.7,yes,,61%,,
FL250761,John White,m,MALE,60,60,China,Mandarin,DevOps,40,40,50,4.6,4.6,TRUE,,100%,,
FL250762,Gilbert Mcintyre,M,MALE,51,51,Canada,English,Blockchain Development,19,19,50,,2.6,Y,,82%,,
FL250763,Christopher Sparks,m,MALE,37,37,Germany,German,Graphic Design,12,12,,4.9,4.9,1,,80%,,
FL250764,Aaron Hicks,male,MALE,52,52,India,Hindi,Blockchain Development,7,7,40,2.2,2.2,,,96%,,
FL250765,Jose Patterson,m,MALE,27,27,Indonesia,Indonesian,Blockchain Development,4,4,20,,2.6,0,,63%,,
FL250766,Bryan Long,m,MALE,48,48,Australia,English,Graphic Design,24,24,$40,2.2,2.2,0,,67%,,
FL250767,Tammy Gomez,F,FEMALE,22,22,Japan,Japanese,Data Analysis,1,1,USD 30,3.3,3.3,1,,61%,,
FL250768,Diana Raymond,FEMALE,FEMALE,48,48,Germany,German,Mobile Apps,28,28,USD 30,4.9,4.9,0,,77%,,
FL250769,Jessica Armstrong,F,FEMALE,54,54,United States,English,Mobile Apps,19,19,75,0,0,,,,,
FL250770,Amanda Martin,Female,FEMALE,52,52,South Korea,Korean,Data Analysis,4,4,50,,2.6,N,,84%,,
FL250771,Anne Hamilton,female,FEMALE,39,39,Turkey,Turkish,Web Development,20,20,USD 100,,2.6,Y,,89%,,
FL250772,Heather Curtis,f,FEMALE,54,54,Russia,Russian,Mobile Apps,19,19,USD 30,4,4,,,90%,,
FL250773,Tiffany Moses,Female,FEMALE,22,22,United States,English,Cybersecurity,1,1,20,4.8,4.8,FALSE,,87%,,
FL250774,Jacqueline Moon,FEMALE,FEMALE,29,29,South Africa,Afrikaans,Mobile Apps,8,8,50,0,0,0,,77%,,
FL250775,James Campbell,M,MALE,23,23,Spain,Spanish,DevOps,3,3,USD 30,1.6,1.6,Y,,72%,,
FL250776,Melissa Vasquez,F,FEMALE,58,58,Mexico,Spanish,DevOps,30,30,50,1.3,1.3,yes,,87%,,
FL250777,Katherine Carlson,f,FEMALE,56,56,China,Mandarin,Blockchain Development,3,3,40,4.1,4.1,TRUE,,89%,,
FL250778,Adam Clay,M,MALE,48,48,Turkey,Turkish,Web Development,19,19,40,1.5,1.5,0,,87%,,
FL250779,Amy Combs,Female,FEMALE,31,31,Russia,Russian,Mobile Apps,11,11,USD 40,4.3,4.3,Y,,76%,,
FL250780,Anthony Case,M,MALE,44,44,Australia,English,Machine Learning,26,26,50,1.6,1.6,,,100%,,
FL250781,Kimberly Brown,F,FEMALE,42,42,Egypt,Arabic,Mobile Apps,10,10,100,3.7,3.7,Y,,94%,,
FL250782,Joshua Holloway,Male,MALE,59,59,United States,English,Cybersecurity,17,17,50,1.4,1.4,yes,,,,
FL250783,Cynthia Walton,F,FEMALE,41,,Argentina,Spanish,Blockchain Development,9,9,$100,4.5,4.5,Y,,83,,
FL250784,Shawn Delgado,M,MALE,21,21,China,Mandarin,Data Analysis,0,0,USD 40,3.7,3.7,0,,74%,,
FL250785,Jeremy Smith,Male,MALE,53,53,United Kingdom,English,DevOps,5,5,75,1.1,1.1,0,,92,,
FL250786,Marc Ortiz,M,MALE,35,35,Argentina,Spanish,Mobile Apps,15,15,,3.7,3.7,FALSE,,66%,,
FL250787,Michelle Gregory,Female,FEMALE,25,25,Brazil,Portuguese,Machine Learning,3,3,$50,3.2,3.2,TRUE,,74%,,
FL250788,Melanie Gay,female,FEMALE,23,23,Italy,Italian,UI/UX Design,1,1,30,5,5,N,,97%,,
FL250789,Brittany Lambert,F,FEMALE,56,56,Egypt,Arabic,Graphic Design,13,13,30,0,0,,,77,,
FL250790,Mary Hernandez,female,FEMALE,31,31,Mexico,Spanish,UI/UX Design,6,6,,3.5,3.5,no,,86%,,
FL250791,Jonathan Jones,M,MALE,24,24,United States,English,Cybersecurity,4,4,50,3.1,3.1,FALSE,,95%,,
FL250792,Gina Williams,FEMALE,FEMALE,35,35,Brazil,Portuguese,Cybersecurity,7,7,,3.9,3.9,0,,72%,,
FL250793,Kelly Lawson,FEMALE,FEMALE,20,20,Spain,Spanish,AI,1,1,,3.5,3.5,0,,71%,,
FL250794,Keith Smith,Male,MALE,26,26,Australia,English,Data Analysis,5,5,$100,2.5,2.5,TRUE,,93%,,
FL250795,Christopher Hunter,M,MALE,54,54,United Kingdom,English,DevOps,29,29,USD 40,3.1,3.1,1,,,,
FL250796,Dwayne Parks,m,MALE,53,53,Russia,Russian,Cybersecurity,12,12,100,4.7,4.7,1,,87%,,
FL250797,Mary Hall,Female,FEMALE,33,33,Canada,English,DevOps,4,4,,1.9,1.9,FALSE,,73,,
FL250798,Jake Gilmore,m,MALE,43,43,Netherlands,Dutch,Web Development,12,12,,1.6,1.6,1,,74%,,
FL250799,Mark Lopez,M,MALE,37,37,Canada,English,DevOps,3,3,20,2.5,2.5,N,,62%,,
FL250800,Dana Rice,female,FEMALE,58,58,France,French,Data Analysis,15,15,20,3.5,3.5,,,98%,,
FL250801,Beth Young,FEMALE,FEMALE,39,39,Spain,Spanish,Mobile Apps,15,15,50,,2.6,0,,80%,,
FL250802,Ryan Powell,male,MALE,43,43,Turkey,Turkish,Graphic Design,13,13,USD 20,1.2,1.2,Y,,69,,
FL250803,Amanda Fowler,Female,FEMALE,40,40,Spain,Spanish,Blockchain Development,20,20,USD 30,,2.6,FALSE,,90,,
FL250804,Lindsay Rivera,f,FEMALE,51,51,United Kingdom,English,Machine Learning,30,30,75,,2.6,TRUE,,74%,,
FL250805,Mark Ward,male,MALE,23,23,Germany,German,AI,4,4,50,4.5,4.5,N,,98%,,
FL250806,Amanda Smith,f,FEMALE,31,31,Indonesia,Indonesian,Graphic Design,,9,USD 20,,2.6,Y,,84%,,
FL250807,Emily Brown,FEMALE,FEMALE,44,44,Russia,Russian,Web Development,3,3,$20,5,5,yes,,75%,,
FL250808,Dwayne Cardenas,Male,MALE,56,56,Germany,German,Mobile Apps,23,23,75,3.9,3.9,1,,,,
FL250809,Dr. Rhonda Hernandez,FEMALE,FEMALE,48,48,Australia,English,Cybersecurity,5,5,$100,1.8,1.8,TRUE,,97%,,
FL250810,Melody Barker,f,FEMALE,46,46,Russia,Russian,Web Development,28,28,30,4.2,4.2,TRUE,,,,
FL250811,Russell Carpenter,M,MALE,21,21,Egypt,Arabic,AI,0,0,20,2.6,2.6,no,,64%,,
FL250812,Richard Hill,m,MALE,52,52,Russia,Russian,Data Analysis,30,30,30,2,2,1,,68%,,
FL250813,Lindsay Potts,f,FEMALE,39,39,Russia,Russian,Graphic Design,20,20,$75,2.7,2.7,1,,67%,,
FL250814,Michelle Campbell,f,FEMALE,31,31,Australia,English,Mobile Apps,0,0,30,2.3,2.3,no,,79%,,
FL250815,Alan Williams,m,MALE,22,22,South Korea,Korean,UI/UX Design,4,4,$40,3.8,3.8,TRUE,,100%,,
FL250816,Robin Hinton,f,FEMALE,38,38,United Kingdom,English,UI/UX Design,10,10,40,,2.6,N,,66%,,
FL250817,Brian Holland,Male,MALE,44,44,Argentina,Spanish,Graphic Design,24,24,USD 75,4.6,4.6,no,,97%,,
FL250818,Adam Stone,M,MALE,53,53,Indonesia,Indonesian,Machine Learning,21,21,100,3.4,3.4,0,,62%,,
FL250819,Curtis Lambert,Male,MALE,22,22,China,Mandarin,Data Analysis,2,2,USD 20,,2.6,no,,,,
FL250820,Alexandra Sims,Female,FEMALE,40,40,India,Hindi,Blockchain Development,14,14,75,0,0,1,,79%,,
FL250821,Brenda Spencer,female,FEMALE,49,49,China,Mandarin,Mobile Apps,15,15,40,3.9,3.9,FALSE,,86%,,
FL250822,Joshua Bush,MALE,MALE,30,30,Australia,English,UI/UX Design,11,11,$30,4.2,4.2,0,,65%,,
FL250823,Erin Martin,female,FEMALE,37,37,Japan,Japanese,AI,6,6,20,,2.6,,,99%,,
FL250824,Alexander Hogan,male,MALE,21,21,Egypt,Arabic,Graphic Design,2,2,100,3.6,3.6,FALSE,,85,,
FL250825,William Harris,Male,MALE,20,20,South Korea,Korean,AI,1,1,USD 50,,2.6,yes,,81%,,
FL250826,Michael Mcmahon,male,MALE,20,20,China,Mandarin,Data Analysis,2,2,$40,2.1,2.1,N,,64%,,
FL250827,Michael Watson,MALE,MALE,20,20,Argentina,Spanish,Machine Learning,2,2,20,3.9,3.9,FALSE,,84%,,
FL250828,Lori Perez,f,FEMALE,26,26,Russia,Russian,Machine Learning,2,2,40,0,0,,,66%,,
FL250829,Lindsay Le,female,FEMALE,50,50,South Korea,Korean,Web Development,12,12,$75,0,0,FALSE,,75,,
FL250830,Scott Long,Male,MALE,50,50,Spain,Spanish,AI,28,28,30,1.8,1.8,,,,,
FL250831,Diana Ferguson,Female,FEMALE,54,54,Indonesia,Indonesian,AI,4,4,20,1.1,1.1,1,,63%,,
FL250832,Joseph Miller,male,MALE,54,54,Spain,Spanish,Blockchain Development,3,3,20,1.6,1.6,Y,,70%,,
FL250833,Julia Reid,Female,FEMALE,34,34,Egypt,Arabic,Machine Learning,4,4,$30,3.1,3.1,,,90%,,
FL250834,Samantha Matthews,Female,FEMALE,20,20,Italy,Italian,DevOps,1,1,50,3.4,3.4,1,,79,,
FL250835,Brian Bailey,male,MALE,29,29,Germany,German,AI,8,8,40,3.1,3.1,N,,60%,,
FL250836,Toni Hinton,female,FEMALE,57,57,United Kingdom,English,DevOps,11,11,USD 75,2.3,2.3,0,,,,
FL250837,Robin Ortiz,F,FEMALE,36,36,Netherlands,Dutch,AI,8,8,USD 40,,2.6,N,,80%,,
FL250838,Adam Griffith,Male,MALE,51,51,South Korea,Korean,Web Development,32,32,$50,3.2,3.2,0,,88,,
FL250839,Daniel Roberson,m,MALE,44,44,India,Hindi,UI/UX Design,4,4,USD 30,0,0,N,,80%,,
FL250840,Dale Haynes,Male,MALE,58,58,Spain,Spanish,Cybersecurity,33,33,30,3.3,3.3,Y,,71%,,
FL250841,Emily Scott,f,FEMALE,38,38,South Africa,Afrikaans,Mobile Apps,14,14,,1.1,1.1,1,,76%,,
FL250842,David Brown,M,MALE,24,24,United States,English,UI/UX Design,6,6,USD 30,4.6,4.6,1,,93%,,
FL250843,Stephanie Guzman,F,FEMALE,30,30,Turkey,Turkish,Blockchain Development,5,5,USD 30,,2.6,0,,,,
FL250844,Maxwell Johnson,MALE,MALE,25,25,Indonesia,Indonesian,Cybersecurity,3,3,75,,2.6,0,,83%,,
FL250845,Reginald Stephens,M,MALE,54,54,Indonesia,Indonesian,Mobile Apps,17,17,$100,0,0,0,,71%,,
FL250846,Justin Jones,male,MALE,54,54,Italy,Italian,Cybersecurity,9,9,USD 20,0,0,yes,,96%,,
FL250847,Kristine Garcia,F,FEMALE,53,53,France,French,Graphic Design,16,16,40,0,0,no,,,,
FL250848,John Nguyen,male,MALE,22,22,Russia,Russian,AI,3,3,75,3.4,3.4,Y,,65%,,
FL250849,Anna Fleming,female,FEMALE,23,23,Mexico,Spanish,Data Analysis,2,2,USD 20,1.3,1.3,N,,,,
FL250850,Linda Williamson,FEMALE,FEMALE,47,47,France,French,Cybersecurity,16,16,50,1.9,1.9,0,,71%,,
FL250851,Roy Wilson,Male,MALE,24,24,France,French,Web Development,6,6,50,1.4,1.4,Y,,63,,
FL250852,Jennifer Pierce,f,FEMALE,57,57,India,Hindi,UI/UX Design,10,10,$100,4.3,4.3,FALSE,,,,
FL250853,Jason Johnson,Male,MALE,48,48,Spain,Spanish,Graphic Design,16,16,$30,,2.6,no,,97%,,
FL250854,Jasmine Lane,Female,FEMALE,21,21,Turkey,Turkish,UI/UX Design,0,0,$100,4.3,4.3,0,,,,
FL250855,Evan Soto,m,MALE,33,33,Japan,Japanese,AI,13,13,USD 75,0,0,TRUE,,,,
FL250856,Kevin Serrano,Male,MALE,41,41,Turkey,Turkish,DevOps,12,12,,1.3,1.3,0,,85%,,
FL250857,Nathaniel Benson,MALE,MALE,40,40,Australia,English,Cybersecurity,13,13,USD 50,2.9,2.9,no,,82%,,
FL250858,Deanna Miles,f,FEMALE,40,40,Mexico,Spanish,Graphic Design,22,22,USD 40,4.3,4.3,0,,95%,,
FL250859,Beverly Roy,Female,FEMALE,20,20,United States,English,Graphic Design,1,1,,2.7,2.7,0,,94,,
FL250860,Heather Saunders,F,FEMALE,42,42,Mexico,Spanish,Web Development,,9,$50,4.2,4.2,,,96%,,
FL250861,Nicholas Guerrero,m,MALE,32,32,Canada,English,Blockchain Development,12,12,40,0,0,yes,,63%,,
FL250862,Christopher Johnson,Male,MALE,60,60,Japan,Japanese,AI,,9,20,2.2,2.2,FALSE,,60%,,
FL250863,Steven Flowers,M,MALE,46,46,Egypt,Arabic,Machine Learning,12,12,50,4.7,4.7,yes,,77%,,
FL250864,Marvin Woods III,male,MALE,29,29,China,Mandarin,DevOps,0,0,30,0,0,0,,63%,,
FL250865,Michelle Cook,FEMALE,FEMALE,39,39,Brazil,Portuguese,Mobile Apps,18,18,20,2.5,2.5,yes,,61%,,
FL250866,Logan Zamora,MALE,MALE,55,55,Russia,Russian,Mobile Apps,2,2,$50,3.9,3.9,yes,,88%,,
FL250867,Casey Roberts,m,MALE,55,55,Turkey,Turkish,Cybersecurity,,9,USD 100,1.2,1.2,1,,69%,,
FL250868,Jerry Price,Male,MALE,40,40,Indonesia,Indonesian,Data Analysis,2,2,75,4.5,4.5,yes,,,,
FL250869,Kelly Ellis,f,FEMALE,56,56,China,Mandarin,UI/UX Design,35,35,$40,2.7,2.7,TRUE,,82%,,
FL250870,Caleb Guerra,MALE,MALE,57,57,Mexico,Spanish,Mobile Apps,21,21,75,2,2,N,,96%,,
FL250871,Samantha Norman,F,FEMALE,56,56,Russia,Russian,DevOps,3,3,$40,1.7,1.7,N,,71%,,
FL250872,Sarah Clarke,f,FEMALE,49,49,Germany,German,Mobile Apps,24,24,$75,3,3,1,,77%,,
FL250873,Aaron Blair,MALE,MALE,26,26,Spain,Spanish,Blockchain Development,,9,$75,2.1,2.1,yes,,,,
FL250874,Courtney Burton,Female,FEMALE,36,36,South Korea,Korean,UI/UX Design,0,0,75,1.5,1.5,,,73%,,
FL250875,Gerald Taylor,M,MALE,20,20,Russia,Russian,Web Development,2,2,USD 30,1.7,1.7,TRUE,,60%,,
FL250876,Mary Ward,f,FEMALE,40,40,Spain,Spanish,AI,,9,,1.2,1.2,1,,67%,,
FL250877,Mrs. Lisa Beard DVM,female,FEMALE,30,30,India,Hindi,Mobile Apps,6,6,75,0,0,FALSE,,80%,,
FL250878,Larry Wallace,Male,MALE,51,51,Australia,English,Graphic Design,21,21,20,,2.6,Y,,,,
FL250879,Jeremiah Thompson,Male,MALE,46,46,United States,English,UI/UX Design,24,24,40,3.3,3.3,1,,87%,,
FL250880,Mrs. Jessica Williams DVM,FEMALE,FEMALE,25,25,South Korea,Korean,AI,6,6,20,2.1,2.1,no,,,,
FL250881,Martin Moreno,male,MALE,53,53,Netherlands,Dutch,Web Development,32,32,50,,2.6,1,,,,
FL250882,Yolanda Proctor,FEMALE,FEMALE,50,50,Egypt,Arabic,Mobile Apps,31,31,USD 100,2.9,2.9,Y,,89%,,
FL250883,Allen Turner,male,MALE,45,45,South Korea,Korean,AI,,9,USD 20,3.3,3.3,TRUE,,93%,,
FL250884,Beth Huff,F,FEMALE,48,48,Canada,English,Cybersecurity,24,24,100,4.8,4.8,1,,84%,,
FL250885,John Mckinney,MALE,MALE,30,30,Indonesia,Indonesian,DevOps,,9,$100,4.5,4.5,,,78%,,
FL250886,Sarah Ho,F,FEMALE,33,33,Netherlands,Dutch,UI/UX Design,6,6,$50,3.1,3.1,no,,90%,,
FL250887,Lindsey Wang,F,FEMALE,50,50,United Kingdom,English,DevOps,11,11,,4.9,4.9,1,,88%,,
FL250888,Margaret Schwartz,Female,FEMALE,24,24,Indonesia,Indonesian,Data Analysis,,9,$20,0,0,0,,76%,,
FL250889,Kyle Ray,male,MALE,38,38,Italy,Italian,Web Development,14,14,75,1.5,1.5,N,,62%,,
FL250890,Isaac Hebert,MALE,MALE,56,56,Japan,Japanese,DevOps,2,2,$75,2.4,2.4,N,,,,
FL250891,Michele Jones,f,FEMALE,41,41,Russia,Russian,DevOps,2,2,USD 100,4.5,4.5,N,,75,,
FL250892,Austin Allen,Male,MALE,41,,Italy,Italian,UI/UX Design,11,11,USD 100,2.5,2.5,yes,,80,,
FL250893,Haley Castro,f,FEMALE,42,42,Germany,German,Graphic Design,13,13,30,3.3,3.3,,,63%,,
FL250894,David Armstrong,Male,MALE,26,26,India,Hindi,Blockchain Development,7,7,75,3,3,,,84%,,
FL250895,Wendy Mitchell,f,FEMALE,44,44,Canada,English,Cybersecurity,25,25,75,2.7,2.7,1,,78,,
FL250896,Anthony Hernandez,MALE,MALE,46,46,Canada,English,Graphic Design,20,20,$20,1.2,1.2,FALSE,,74%,,
FL250897,Erica Johnson,female,FEMALE,36,36,United States,English,UI/UX Design,8,8,50,4.3,4.3,0,,90%,,
FL250898,Randall Barrett,Male,MALE,26,26,Netherlands,Dutch,AI,6,6,$40,1.3,1.3,0,,,,
FL250899,Nathan Huff,male,MALE,21,21,Germany,German,UI/UX Design,3,3,50,4.6,4.6,Y,,,,
FL250900,Robin Walsh,f,FEMALE,39,39,Indonesia,Indonesian,UI/UX Design,18,18,50,2.1,2.1,0,,75,,
FL250901,Yvonne Robinson,Female,FEMALE,37,37,United States,English,Blockchain Development,18,18,40,4.5,4.5,no,,72%,,
FL250902,Kathleen Hendrix,Female,FEMALE,47,47,Russia,Russian,UI/UX Design,3,3,40,4.4,4.4,yes,,92%,,
FL250903,Jennifer Baker,FEMALE,FEMALE,53,53,Russia,Russian,Graphic Design,32,32,USD 20,0,0,N,,,,
FL250904,Kim Martinez,female,FEMALE,53,53,Argentina,Spanish,Mobile Apps,19,19,USD 20,1.3,1.3,0,,,,
FL250905,Andrew Little,male,MALE,21,21,India,Hindi,Data Analysis,2,2,50,2.6,2.6,FALSE,,86%,,
FL250906,Kelly Shelton,female,FEMALE,35,35,United Kingdom,English,Blockchain Development,0,0,,,2.6,Y,,85,,
FL250907,Steven Duncan,Male,MALE,31,31,Argentina,Spanish,Machine Learning,13,13,$40,1.2,1.2,FALSE,,62,,
FL250908,Kristen Haney,Female,FEMALE,55,55,South Korea,Korean,AI,2,2,USD 30,3.1,3.1,Y,,91%,,
FL250909,Kathy Reese,f,FEMALE,59,59,Turkey,Turkish,Web Development,11,11,$75,2.3,2.3,Y,,80%,,
FL250910,Steven Murphy,MALE,MALE,59,59,France,French,Cybersecurity,17,17,100,4,4,no,,72%,,
FL250911,William Hartman,M,MALE,47,47,India,Hindi,Blockchain Development,10,10,$75,1.9,1.9,,,,,
FL250912,Sonya Haley,female,FEMALE,53,53,South Africa,Afrikaans,Machine Learning,26,26,75,2.4,2.4,yes,,,,
FL250913,Robert Evans,MALE,MALE,49,49,South Africa,Afrikaans,Data Analysis,,9,$30,,2.6,yes,,74%,,
FL250914,Patricia Richardson,f,FEMALE,50,50,South Africa,Afrikaans,Mobile Apps,8,8,USD 50,3.7,3.7,Y,,82%,,
FL250915,Carolyn Lopez,female,FEMALE,59,59,South Korea,Korean,Machine Learning,22,22,USD 100,1.1,1.1,no,,85%,,
FL250916,Kyle Burns,M,MALE,33,33,Turkey,Turkish,Data Analysis,8,8,USD 75,2.3,2.3,TRUE,,68%,,
FL250917,Margaret Garcia,f,FEMALE,45,45,Canada,English,Web Development,22,22,40,3.7,3.7,Y,,99%,,
FL250918,Brittany Barker,female,FEMALE,36,36,Italy,Italian,Graphic Design,14,14,30,1.9,1.9,0,,62%,,
FL250919,Paul Campbell,male,MALE,46,46,South Africa,Afrikaans,UI/UX Design,6,6,30,1.5,1.5,N,,,,
FL250920,Amy Morrow,female,FEMALE,53,53,Turkey,Turkish,Graphic Design,14,14,30,0,0,FALSE,,83%,,
FL250921,Amy Fitzgerald,f,FEMALE,24,24,United States,English,Web Development,2,2,30,3.6,3.6,,,92%,,
FL250922,Anita Becker,female,FEMALE,49,49,Spain,Spanish,DevOps,4,4,$75,2.1,2.1,,,85%,,
FL250923,Mrs. Amy Brooks,F,FEMALE,49,49,South Korea,Korean,AI,4,4,75,2.9,2.9,N,,,,
FL250924,Lori Marshall,FEMALE,FEMALE,49,49,South Korea,Korean,Mobile Apps,24,24,100,3.6,3.6,TRUE,,,,
FL250925,Jennifer Miller,Female,FEMALE,58,58,Brazil,Portuguese,Blockchain Development,29,29,30,3.3,3.3,yes,,89%,,
FL250926,Thomas Young,MALE,MALE,50,50,South Africa,Afrikaans,UI/UX Design,13,13,,2.5,2.5,Y,,81%,,
FL250927,Zachary Larsen,M,MALE,27,27,South Africa,Afrikaans,DevOps,1,1,USD 100,3.7,3.7,Y,,61,,
FL250928,Valerie Gutierrez,F,FEMALE,20,20,South Korea,Korean,Machine Learning,,9,$30,4.6,4.6,1,,,,
FL250929,Daniel Parker,MALE,MALE,52,52,Russia,Russian,Blockchain Development,15,15,$40,0,0,1,,92%,,
FL250930,Nicole Bennett,Female,FEMALE,22,22,France,French,Machine Learning,2,2,30,2,2,no,,96%,,
FL250931,Lauren Lowery,Female,FEMALE,38,38,Turkey,Turkish,Web Development,14,14,100,1.7,1.7,FALSE,,66%,,
FL250932,Alexander Woodward,male,MALE,21,21,Canada,English,Graphic Design,0,0,USD 100,3,3,N,,64%,,
FL250933,Anthony Walter,MALE,MALE,41,41,Australia,English,AI,15,15,40,3.4,3.4,FALSE,,100%,,
FL250934,Valerie Finley,female,FEMALE,33,33,Indonesia,Indonesian,Blockchain Development,6,6,40,3.2,3.2,1,,95%,,
FL250935,Deborah Kelley,f,FEMALE,38,38,Mexico,Spanish,Mobile Apps,11,11,,2.8,2.8,,,91,,
FL250936,Kristina Miller,F,FEMALE,26,26,Russia,Russian,DevOps,8,8,USD 20,4.1,4.1,yes,,82%,,
FL250937,Anne Hampton,f,FEMALE,43,43,Netherlands,Dutch,AI,3,3,20,0,0,Y,,95%,,
FL250938,Sandra Henry,Female,FEMALE,21,21,Italy,Italian,Cybersecurity,0,0,,0,0,1,,95%,,
FL250939,Tony Hester,MALE,MALE,47,47,South Korea,Korean,Mobile Apps,7,7,USD 30,,2.6,,,69,,
FL250940,Nathan Davis,MALE,MALE,35,35,Spain,Spanish,Graphic Design,6,6,40,,2.6,yes,,91%,,
FL250941,Erica Jackson,Female,FEMALE,37,37,Indonesia,Indonesian,Mobile Apps,9,9,$30,2.7,2.7,1,,,,
FL250942,Nancy Glover,FEMALE,FEMALE,38,38,Brazil,Portuguese,AI,15,15,40,4,4,,,62%,,
FL250943,Richard Sanchez,MALE,MALE,40,40,Canada,English,Data Analysis,20,20,20,2.5,2.5,0,,81%,,
FL250944,Savannah Reid,f,FEMALE,46,46,Brazil,Portuguese,Data Analysis,16,16,75,0,0,no,,94%,,
FL250945,Robert Salazar,m,MALE,56,56,Egypt,Arabic,DevOps,22,22,USD 30,,2.6,no,,95%,,
FL250946,Hector Greer,m,MALE,24,24,Turkey,Turkish,Graphic Design,2,2,,1.6,1.6,no,,100%,,
FL250947,Thomas Jackson,M,MALE,41,,Mexico,Spanish,AI,1,1,75,0,0,TRUE,,94%,,
FL250948,Tina Clark,F,FEMALE,38,38,Turkey,Turkish,Mobile Apps,8,8,30,4,4,1,,92%,,
FL250949,Heather Brown,Female,FEMALE,28,28,France,French,DevOps,8,8,USD 50,2.5,2.5,TRUE,,95%,,
FL250950,John Weaver,m,MALE,25,25,Brazil,Portuguese,DevOps,7,7,$20,3.8,3.8,,,97%,,
FL250951,Bradley Harris,Male,MALE,41,41,United Kingdom,English,DevOps,8,8,50,4.8,4.8,N,,75%,,
FL250952,Cassandra Macdonald,f,FEMALE,45,45,Mexico,Spanish,Data Analysis,6,6,40,2,2,1,,78%,,
FL250953,Matthew White,m,MALE,47,47,Turkey,Turkish,DevOps,16,16,$100,3.3,3.3,0,,65%,,
FL250954,Miss Kimberly Marshall,F,FEMALE,59,59,United Kingdom,English,Data Analysis,40,40,40,2.5,2.5,TRUE,,70,,
FL250955,Laura Thompson,Female,FEMALE,25,25,Canada,English,Blockchain Development,6,6,$100,,2.6,Y,,78,,
FL250956,Nathan Soto,Male,MALE,27,27,Australia,English,Web Development,3,3,USD 50,,2.6,1,,96%,,
FL250957,Rhonda Hines,F,FEMALE,57,57,Australia,English,AI,5,5,USD 100,0,0,1,,80%,,
FL250958,Gabrielle Bowman,F,FEMALE,34,34,Turkey,Turkish,UI/UX Design,12,12,$20,1.6,1.6,yes,,64%,,
FL250959,Julian Edwards,M,MALE,55,55,France,French,UI/UX Design,33,33,50,0,0,FALSE,,92%,,
FL250960,Nicholas Scott,male,MALE,21,21,Egypt,Arabic,Blockchain Development,1,1,100,0,0,1,,,,
FL250961,Daniel Green,MALE,MALE,53,53,Netherlands,Dutch,DevOps,27,27,USD 20,4.7,4.7,yes,,71,,
FL250962,Catherine Johnston,f,FEMALE,21,21,Germany,German,UI/UX Design,1,1,$100,0,0,yes,,95%,,
FL250963,Brenda Koch,FEMALE,FEMALE,36,36,Brazil,Portuguese,Web Development,,9,20,4.1,4.1,N,,86%,,
FL250964,Mr. Robert Meza,male,MALE,40,40,Germany,German,AI,2,2,$30,1.3,1.3,1,,77%,,
FL250965,Latoya Brown,Female,FEMALE,59,59,United Kingdom,English,UI/UX Design,40,40,100,2.6,2.6,,,,,
FL250966,David Osborne III,m,MALE,45,45,Netherlands,Dutch,Cybersecurity,4,4,$20,2.7,2.7,,,72%,,
FL250967,David Hooper,MALE,MALE,44,44,South Korea,Korean,Machine Learning,9,9,40,,2.6,0,,70%,,
FL250968,Sarah Miller,FEMALE,FEMALE,36,36,United Kingdom,English,Cybersecurity,13,13,30,3.6,3.6,0,,86%,,
FL250969,Lisa Werner MD,Female,FEMALE,26,26,India,Hindi,Graphic Design,1,1,75,3,3,1,,,,
FL250970,Eric Jimenez,m,MALE,49,49,India,Hindi,Web Development,1,1,,0,0,0,,82%,,
FL250971,Jay Bush,m,MALE,29,29,France,French,Mobile Apps,3,3,USD 40,0,0,TRUE,,81%,,
FL250972,Johnny Rice,m,MALE,32,32,France,French,Graphic Design,1,1,$40,3.1,3.1,1,,76%,,
FL250973,Matthew Strong,MALE,MALE,24,24,Indonesia,Indonesian,Blockchain Development,3,3,USD 30,3.9,3.9,N,,90%,,
FL250974,Mark Chandler,MALE,MALE,35,35,South Korea,Korean,DevOps,14,14,30,1.6,1.6,Y,,67%,,
FL250975,Crystal Brown,female,FEMALE,43,43,Spain,Spanish,Blockchain Development,2,2,,1.8,1.8,no,,61%,,
FL250976,Timothy Barton,male,MALE,53,53,South Korea,Korean,Machine Learning,27,27,100,3.7,3.7,no,,73%,,
FL250977,Lisa Hickman,F,FEMALE,38,38,Russia,Russian,DevOps,7,7,75,,2.6,0,,,,
FL250978,Alan Mendoza,Male,MALE,57,57,United Kingdom,English,Cybersecurity,29,29,75,4.1,4.1,N,,90%,,
FL250979,Jason Sanders,MALE,MALE,27,27,China,Mandarin,Blockchain Development,5,5,$75,1.4,1.4,TRUE,,64%,,
FL250980,Charles Dean,m,MALE,43,43,Argentina,Spanish,Web Development,2,2,100,1.1,1.1,1,,63%,,
FL250981,Blake Newton,male,MALE,48,48,Canada,English,Data Analysis,18,18,$40,3.9,3.9,,,,,
FL250982,David Gonzalez,M,MALE,26,26,Brazil,Portuguese,Cybersecurity,8,8,20,3.6,3.6,0,,67%,,
FL250983,Cindy Williams,Female,FEMALE,41,,South Africa,Afrikaans,Graphic Design,0,0,$40,0,0,no,,97%,,
FL250984,Laura Wong DDS,female,FEMALE,50,50,Italy,Italian,Data Analysis,16,16,$75,4.5,4.5,0,,69,,
FL250985,Robert Moran,m,MALE,48,48,South Africa,Afrikaans,Web Development,8,8,50,,2.6,1,,73%,,
FL250986,Bradley Wu,m,MALE,60,60,Spain,Spanish,Blockchain Development,39,39,20,1.4,1.4,TRUE,,86%,,
FL250987,Daniel Thomas,Male,MALE,26,26,Egypt,Arabic,Machine Learning,,9,50,0,0,yes,,81,,
FL250988,Michelle Peterson,FEMALE,FEMALE,35,35,South Korea,Korean,Graphic Design,16,16,USD 100,4.3,4.3,1,,74%,,
FL250989,Seth Thomas,Male,MALE,23,23,United States,English,Blockchain Development,4,4,$100,2.2,2.2,1,,64,,
FL250990,Evan Ramos,Male,MALE,37,37,Australia,English,Graphic Design,4,4,75,3.2,3.2,FALSE,,76%,,
FL250991,Michelle Solis,FEMALE,FEMALE,21,21,Argentina,Spanish,AI,2,2,100,3.7,3.7,yes,,73,,
FL250992,Charlotte Taylor,FEMALE,FEMALE,58,58,Germany,German,UI/UX Design,37,37,USD 50,4.9,4.9,FALSE,,69%,,
FL250993,Sandra Preston,Female,FEMALE,52,52,Indonesia,Indonesian,Mobile Apps,32,32,$75,3.2,3.2,0,,79%,,
FL250994,Jim Weiss,male,MALE,46,46,Russia,Russian,Mobile Apps,8,8,20,2.2,2.2,,,89,,
FL250995,Jennifer Hinton,Female,FEMALE,34,34,South Africa,Afrikaans,DevOps,8,8,30,3.9,3.9,Y,,95%,,
FL250996,Albert Wilcox,Male,MALE,56,56,Turkey,Turkish,DevOps,13,13,100,0,0,no,,68%,,
FL250997,Cheryl Norris,f,FEMALE,26,26,Germany,German,Blockchain Development,6,6,USD 40,2.8,2.8,N,,82,,
FL250998,Kathy Watkins,female,FEMALE,37,37,Japan,Japanese,Data Analysis,15,15,75,,2.6,FALSE,,94%,,
FL250999,John Obrien,m,MALE,46,46,Russia,Russian,Machine Learning,22,22,100,2.8,2.8,yes,,97,,
FL251000,Dawn Green,Female,FEMALE,36,36,Mexico,Spanish,UI/UX Design,18,18,$20,1.7,1.7,1,,72,,
